field_1,field_2,field_3,GID_0,NAME_0
"97",16.6200008392334,-15.0299997329712,SEN,Senegal
"98",16.6200008392334,-14.9300003051758,SEN,Senegal
"99",16.6200008392334,-14.8299999237061,SEN,Senegal
"100",16.6200008392334,-14.7299995422363,SEN,Senegal
"101",16.6200008392334,-14.6300001144409,SEN,Senegal
"102",16.6200008392334,-14.5299997329712,SEN,Senegal
"103",16.6200008392334,-14.4300003051758,SEN,Senegal
"104",16.6200008392334,-14.3299999237061,SEN,Senegal
"152",16.5200004577637,-16.2299995422363,SEN,Senegal
"153",16.5200004577637,-16.1299991607666,SEN,Senegal
"155",16.5200004577637,-15.9300003051758,SEN,Senegal
"158",16.5200004577637,-15.6300001144409,SEN,Senegal
"160",16.5200004577637,-15.4300003051758,SEN,Senegal
"161",16.5200004577637,-15.3299999237061,SEN,Senegal
"162",16.5200004577637,-15.2299995422363,SEN,Senegal
"163",16.5200004577637,-15.1300001144409,SEN,Senegal
"164",16.5200004577637,-15.0299997329712,SEN,Senegal
"165",16.5200004577637,-14.9300003051758,SEN,Senegal
"166",16.5200004577637,-14.8299999237061,SEN,Senegal
"167",16.5200004577637,-14.7299995422363,SEN,Senegal
"168",16.5200004577637,-14.6300001144409,SEN,Senegal
"169",16.5200004577637,-14.5299997329712,SEN,Senegal
"170",16.5200004577637,-14.4300003051758,SEN,Senegal
"171",16.5200004577637,-14.3299999237061,SEN,Senegal
"172",16.5200004577637,-14.2299995422363,SEN,Senegal
"219",16.4200000762939,-16.2299995422363,SEN,Senegal
"220",16.4200000762939,-16.1299991607666,SEN,Senegal
"221",16.4200000762939,-16.0300006866455,SEN,Senegal
"222",16.4200000762939,-15.9300003051758,SEN,Senegal
"223",16.4200000762939,-15.8299999237061,SEN,Senegal
"224",16.4200000762939,-15.7299995422363,SEN,Senegal
"225",16.4200000762939,-15.6300001144409,SEN,Senegal
"226",16.4200000762939,-15.5299997329712,SEN,Senegal
"227",16.4200000762939,-15.4300003051758,SEN,Senegal
"228",16.4200000762939,-15.3299999237061,SEN,Senegal
"229",16.4200000762939,-15.2299995422363,SEN,Senegal
"230",16.4200000762939,-15.1300001144409,SEN,Senegal
"231",16.4200000762939,-15.0299997329712,SEN,Senegal
"232",16.4200000762939,-14.9300003051758,SEN,Senegal
"233",16.4200000762939,-14.8299999237061,SEN,Senegal
"234",16.4200000762939,-14.7299995422363,SEN,Senegal
"235",16.4200000762939,-14.6300001144409,SEN,Senegal
"236",16.4200000762939,-14.5299997329712,SEN,Senegal
"237",16.4200000762939,-14.4300003051758,SEN,Senegal
"238",16.4200000762939,-14.3299999237061,SEN,Senegal
"239",16.4200000762939,-14.2299995422363,SEN,Senegal
"240",16.4200000762939,-14.1300001144409,SEN,Senegal
"285",16.3199996948242,-16.3299999237061,SEN,Senegal
"286",16.3199996948242,-16.2299995422363,SEN,Senegal
"287",16.3199996948242,-16.1299991607666,SEN,Senegal
"288",16.3199996948242,-16.0300006866455,SEN,Senegal
"289",16.3199996948242,-15.9300003051758,SEN,Senegal
"290",16.3199996948242,-15.8299999237061,SEN,Senegal
"291",16.3199996948242,-15.7299995422363,SEN,Senegal
"292",16.3199996948242,-15.6300001144409,SEN,Senegal
"293",16.3199996948242,-15.5299997329712,SEN,Senegal
"294",16.3199996948242,-15.4300003051758,SEN,Senegal
"295",16.3199996948242,-15.3299999237061,SEN,Senegal
"296",16.3199996948242,-15.2299995422363,SEN,Senegal
"297",16.3199996948242,-15.1300001144409,SEN,Senegal
"298",16.3199996948242,-15.0299997329712,SEN,Senegal
"299",16.3199996948242,-14.9300003051758,SEN,Senegal
"300",16.3199996948242,-14.8299999237061,SEN,Senegal
"301",16.3199996948242,-14.7299995422363,SEN,Senegal
"302",16.3199996948242,-14.6300001144409,SEN,Senegal
"303",16.3199996948242,-14.5299997329712,SEN,Senegal
"304",16.3199996948242,-14.4300003051758,SEN,Senegal
"305",16.3199996948242,-14.3299999237061,SEN,Senegal
"306",16.3199996948242,-14.2299995422363,SEN,Senegal
"307",16.3199996948242,-14.1300001144409,SEN,Senegal
"308",16.3199996948242,-14.0299997329712,SEN,Senegal
"352",16.2199993133545,-16.3299999237061,SEN,Senegal
"353",16.2199993133545,-16.2299995422363,SEN,Senegal
"354",16.2199993133545,-16.1299991607666,SEN,Senegal
"355",16.2199993133545,-16.0300006866455,SEN,Senegal
"356",16.2199993133545,-15.9300003051758,SEN,Senegal
"357",16.2199993133545,-15.8299999237061,SEN,Senegal
"358",16.2199993133545,-15.7299995422363,SEN,Senegal
"359",16.2199993133545,-15.6300001144409,SEN,Senegal
"360",16.2199993133545,-15.5299997329712,SEN,Senegal
"361",16.2199993133545,-15.4300003051758,SEN,Senegal
"362",16.2199993133545,-15.3299999237061,SEN,Senegal
"363",16.2199993133545,-15.2299995422363,SEN,Senegal
"364",16.2199993133545,-15.1300001144409,SEN,Senegal
"365",16.2199993133545,-15.0299997329712,SEN,Senegal
"366",16.2199993133545,-14.9300003051758,SEN,Senegal
"367",16.2199993133545,-14.8299999237061,SEN,Senegal
"368",16.2199993133545,-14.7299995422363,SEN,Senegal
"369",16.2199993133545,-14.6300001144409,SEN,Senegal
"370",16.2199993133545,-14.5299997329712,SEN,Senegal
"371",16.2199993133545,-14.4300003051758,SEN,Senegal
"372",16.2199993133545,-14.3299999237061,SEN,Senegal
"373",16.2199993133545,-14.2299995422363,SEN,Senegal
"374",16.2199993133545,-14.1300001144409,SEN,Senegal
"375",16.2199993133545,-14.0299997329712,SEN,Senegal
"376",16.2199993133545,-13.9300003051758,SEN,Senegal
"418",16.1200008392334,-16.4300003051758,SEN,Senegal
"419",16.1200008392334,-16.3299999237061,SEN,Senegal
"420",16.1200008392334,-16.2299995422363,SEN,Senegal
"421",16.1200008392334,-16.1299991607666,SEN,Senegal
"422",16.1200008392334,-16.0300006866455,SEN,Senegal
"423",16.1200008392334,-15.9300003051758,SEN,Senegal
"424",16.1200008392334,-15.8299999237061,SEN,Senegal
"425",16.1200008392334,-15.7299995422363,SEN,Senegal
"426",16.1200008392334,-15.6300001144409,SEN,Senegal
"427",16.1200008392334,-15.5299997329712,SEN,Senegal
"428",16.1200008392334,-15.4300003051758,SEN,Senegal
"429",16.1200008392334,-15.3299999237061,SEN,Senegal
"430",16.1200008392334,-15.2299995422363,SEN,Senegal
"431",16.1200008392334,-15.1300001144409,SEN,Senegal
"432",16.1200008392334,-15.0299997329712,SEN,Senegal
"433",16.1200008392334,-14.9300003051758,SEN,Senegal
"434",16.1200008392334,-14.8299999237061,SEN,Senegal
"435",16.1200008392334,-14.7299995422363,SEN,Senegal
"436",16.1200008392334,-14.6300001144409,SEN,Senegal
"437",16.1200008392334,-14.5299997329712,SEN,Senegal
"438",16.1200008392334,-14.4300003051758,SEN,Senegal
"439",16.1200008392334,-14.3299999237061,SEN,Senegal
"440",16.1200008392334,-14.2299995422363,SEN,Senegal
"441",16.1200008392334,-14.1300001144409,SEN,Senegal
"442",16.1200008392334,-14.0299997329712,SEN,Senegal
"443",16.1200008392334,-13.9300003051758,SEN,Senegal
"444",16.1200008392334,-13.8299999237061,SEN,Senegal
"445",16.1200008392334,-13.7299995422363,SEN,Senegal
"447",16.1200008392334,-13.5299997329712,SEN,Senegal
"485",16.0200004577637,-16.4300003051758,SEN,Senegal
"486",16.0200004577637,-16.3299999237061,SEN,Senegal
"487",16.0200004577637,-16.2299995422363,SEN,Senegal
"488",16.0200004577637,-16.1299991607666,SEN,Senegal
"489",16.0200004577637,-16.0300006866455,SEN,Senegal
"490",16.0200004577637,-15.9300003051758,SEN,Senegal
"491",16.0200004577637,-15.8299999237061,SEN,Senegal
"492",16.0200004577637,-15.7299995422363,SEN,Senegal
"493",16.0200004577637,-15.6300001144409,SEN,Senegal
"494",16.0200004577637,-15.5299997329712,SEN,Senegal
"495",16.0200004577637,-15.4300003051758,SEN,Senegal
"496",16.0200004577637,-15.3299999237061,SEN,Senegal
"497",16.0200004577637,-15.2299995422363,SEN,Senegal
"498",16.0200004577637,-15.1300001144409,SEN,Senegal
"499",16.0200004577637,-15.0299997329712,SEN,Senegal
"500",16.0200004577637,-14.9300003051758,SEN,Senegal
"501",16.0200004577637,-14.8299999237061,SEN,Senegal
"502",16.0200004577637,-14.7299995422363,SEN,Senegal
"503",16.0200004577637,-14.6300001144409,SEN,Senegal
"504",16.0200004577637,-14.5299997329712,SEN,Senegal
"505",16.0200004577637,-14.4300003051758,SEN,Senegal
"506",16.0200004577637,-14.3299999237061,SEN,Senegal
"507",16.0200004577637,-14.2299995422363,SEN,Senegal
"508",16.0200004577637,-14.1300001144409,SEN,Senegal
"509",16.0200004577637,-14.0299997329712,SEN,Senegal
"510",16.0200004577637,-13.9300003051758,SEN,Senegal
"511",16.0200004577637,-13.8299999237061,SEN,Senegal
"512",16.0200004577637,-13.7299995422363,SEN,Senegal
"513",16.0200004577637,-13.6300001144409,SEN,Senegal
"514",16.0200004577637,-13.5299997329712,SEN,Senegal
"515",16.0200004577637,-13.4300003051758,SEN,Senegal
"552",15.9200000762939,-16.4300003051758,SEN,Senegal
"553",15.9200000762939,-16.3299999237061,SEN,Senegal
"554",15.9200000762939,-16.2299995422363,SEN,Senegal
"555",15.9200000762939,-16.1299991607666,SEN,Senegal
"556",15.9200000762939,-16.0300006866455,SEN,Senegal
"557",15.9200000762939,-15.9300003051758,SEN,Senegal
"558",15.9200000762939,-15.8299999237061,SEN,Senegal
"559",15.9200000762939,-15.7299995422363,SEN,Senegal
"560",15.9200000762939,-15.6300001144409,SEN,Senegal
"561",15.9200000762939,-15.5299997329712,SEN,Senegal
"562",15.9200000762939,-15.4300003051758,SEN,Senegal
"563",15.9200000762939,-15.3299999237061,SEN,Senegal
"564",15.9200000762939,-15.2299995422363,SEN,Senegal
"565",15.9200000762939,-15.1300001144409,SEN,Senegal
"566",15.9200000762939,-15.0299997329712,SEN,Senegal
"567",15.9200000762939,-14.9300003051758,SEN,Senegal
"568",15.9200000762939,-14.8299999237061,SEN,Senegal
"569",15.9200000762939,-14.7299995422363,SEN,Senegal
"570",15.9200000762939,-14.6300001144409,SEN,Senegal
"571",15.9200000762939,-14.5299997329712,SEN,Senegal
"572",15.9200000762939,-14.4300003051758,SEN,Senegal
"573",15.9200000762939,-14.3299999237061,SEN,Senegal
"574",15.9200000762939,-14.2299995422363,SEN,Senegal
"575",15.9200000762939,-14.1300001144409,SEN,Senegal
"576",15.9200000762939,-14.0299997329712,SEN,Senegal
"577",15.9200000762939,-13.9300003051758,SEN,Senegal
"578",15.9200000762939,-13.8299999237061,SEN,Senegal
"579",15.9200000762939,-13.7299995422363,SEN,Senegal
"580",15.9200000762939,-13.6300001144409,SEN,Senegal
"581",15.9200000762939,-13.5299997329712,SEN,Senegal
"582",15.9200000762939,-13.4300003051758,SEN,Senegal
"583",15.9200000762939,-13.3299999237061,SEN,Senegal
"618",15.8199996948242,-16.5300006866455,SEN,Senegal
"619",15.8199996948242,-16.4300003051758,SEN,Senegal
"620",15.8199996948242,-16.3299999237061,SEN,Senegal
"621",15.8199996948242,-16.2299995422363,SEN,Senegal
"622",15.8199996948242,-16.1299991607666,SEN,Senegal
"623",15.8199996948242,-16.0300006866455,SEN,Senegal
"624",15.8199996948242,-15.9300003051758,SEN,Senegal
"625",15.8199996948242,-15.8299999237061,SEN,Senegal
"626",15.8199996948242,-15.7299995422363,SEN,Senegal
"627",15.8199996948242,-15.6300001144409,SEN,Senegal
"628",15.8199996948242,-15.5299997329712,SEN,Senegal
"629",15.8199996948242,-15.4300003051758,SEN,Senegal
"630",15.8199996948242,-15.3299999237061,SEN,Senegal
"631",15.8199996948242,-15.2299995422363,SEN,Senegal
"632",15.8199996948242,-15.1300001144409,SEN,Senegal
"633",15.8199996948242,-15.0299997329712,SEN,Senegal
"634",15.8199996948242,-14.9300003051758,SEN,Senegal
"635",15.8199996948242,-14.8299999237061,SEN,Senegal
"636",15.8199996948242,-14.7299995422363,SEN,Senegal
"637",15.8199996948242,-14.6300001144409,SEN,Senegal
"638",15.8199996948242,-14.5299997329712,SEN,Senegal
"639",15.8199996948242,-14.4300003051758,SEN,Senegal
"640",15.8199996948242,-14.3299999237061,SEN,Senegal
"641",15.8199996948242,-14.2299995422363,SEN,Senegal
"642",15.8199996948242,-14.1300001144409,SEN,Senegal
"643",15.8199996948242,-14.0299997329712,SEN,Senegal
"644",15.8199996948242,-13.9300003051758,SEN,Senegal
"645",15.8199996948242,-13.8299999237061,SEN,Senegal
"646",15.8199996948242,-13.7299995422363,SEN,Senegal
"647",15.8199996948242,-13.6300001144409,SEN,Senegal
"648",15.8199996948242,-13.5299997329712,SEN,Senegal
"649",15.8199996948242,-13.4300003051758,SEN,Senegal
"650",15.8199996948242,-13.3299999237061,SEN,Senegal
"685",15.7200002670288,-16.5300006866455,SEN,Senegal
"686",15.7200002670288,-16.4300003051758,SEN,Senegal
"687",15.7200002670288,-16.3299999237061,SEN,Senegal
"688",15.7200002670288,-16.2299995422363,SEN,Senegal
"689",15.7200002670288,-16.1299991607666,SEN,Senegal
"690",15.7200002670288,-16.0300006866455,SEN,Senegal
"691",15.7200002670288,-15.9300003051758,SEN,Senegal
"692",15.7200002670288,-15.8299999237061,SEN,Senegal
"693",15.7200002670288,-15.7299995422363,SEN,Senegal
"694",15.7200002670288,-15.6300001144409,SEN,Senegal
"695",15.7200002670288,-15.5299997329712,SEN,Senegal
"696",15.7200002670288,-15.4300003051758,SEN,Senegal
"697",15.7200002670288,-15.3299999237061,SEN,Senegal
"698",15.7200002670288,-15.2299995422363,SEN,Senegal
"699",15.7200002670288,-15.1300001144409,SEN,Senegal
"700",15.7200002670288,-15.0299997329712,SEN,Senegal
"701",15.7200002670288,-14.9300003051758,SEN,Senegal
"702",15.7200002670288,-14.8299999237061,SEN,Senegal
"703",15.7200002670288,-14.7299995422363,SEN,Senegal
"704",15.7200002670288,-14.6300001144409,SEN,Senegal
"705",15.7200002670288,-14.5299997329712,SEN,Senegal
"706",15.7200002670288,-14.4300003051758,SEN,Senegal
"707",15.7200002670288,-14.3299999237061,SEN,Senegal
"708",15.7200002670288,-14.2299995422363,SEN,Senegal
"709",15.7200002670288,-14.1300001144409,SEN,Senegal
"710",15.7200002670288,-14.0299997329712,SEN,Senegal
"711",15.7200002670288,-13.9300003051758,SEN,Senegal
"712",15.7200002670288,-13.8299999237061,SEN,Senegal
"713",15.7200002670288,-13.7299995422363,SEN,Senegal
"714",15.7200002670288,-13.6300001144409,SEN,Senegal
"715",15.7200002670288,-13.5299997329712,SEN,Senegal
"716",15.7200002670288,-13.4300003051758,SEN,Senegal
"717",15.7200002670288,-13.3299999237061,SEN,Senegal
"752",15.6199998855591,-16.5300006866455,SEN,Senegal
"753",15.6199998855591,-16.4300003051758,SEN,Senegal
"754",15.6199998855591,-16.3299999237061,SEN,Senegal
"755",15.6199998855591,-16.2299995422363,SEN,Senegal
"756",15.6199998855591,-16.1299991607666,SEN,Senegal
"757",15.6199998855591,-16.0300006866455,SEN,Senegal
"758",15.6199998855591,-15.9300003051758,SEN,Senegal
"759",15.6199998855591,-15.8299999237061,SEN,Senegal
"760",15.6199998855591,-15.7299995422363,SEN,Senegal
"761",15.6199998855591,-15.6300001144409,SEN,Senegal
"762",15.6199998855591,-15.5299997329712,SEN,Senegal
"763",15.6199998855591,-15.4300003051758,SEN,Senegal
"764",15.6199998855591,-15.3299999237061,SEN,Senegal
"765",15.6199998855591,-15.2299995422363,SEN,Senegal
"766",15.6199998855591,-15.1300001144409,SEN,Senegal
"767",15.6199998855591,-15.0299997329712,SEN,Senegal
"768",15.6199998855591,-14.9300003051758,SEN,Senegal
"769",15.6199998855591,-14.8299999237061,SEN,Senegal
"770",15.6199998855591,-14.7299995422363,SEN,Senegal
"771",15.6199998855591,-14.6300001144409,SEN,Senegal
"772",15.6199998855591,-14.5299997329712,SEN,Senegal
"773",15.6199998855591,-14.4300003051758,SEN,Senegal
"774",15.6199998855591,-14.3299999237061,SEN,Senegal
"775",15.6199998855591,-14.2299995422363,SEN,Senegal
"776",15.6199998855591,-14.1300001144409,SEN,Senegal
"777",15.6199998855591,-14.0299997329712,SEN,Senegal
"778",15.6199998855591,-13.9300003051758,SEN,Senegal
"779",15.6199998855591,-13.8299999237061,SEN,Senegal
"780",15.6199998855591,-13.7299995422363,SEN,Senegal
"781",15.6199998855591,-13.6300001144409,SEN,Senegal
"782",15.6199998855591,-13.5299997329712,SEN,Senegal
"783",15.6199998855591,-13.4300003051758,SEN,Senegal
"784",15.6199998855591,-13.3299999237061,SEN,Senegal
"818",15.5200004577637,-16.6299991607666,SEN,Senegal
"819",15.5200004577637,-16.5300006866455,SEN,Senegal
"820",15.5200004577637,-16.4300003051758,SEN,Senegal
"821",15.5200004577637,-16.3299999237061,SEN,Senegal
"822",15.5200004577637,-16.2299995422363,SEN,Senegal
"823",15.5200004577637,-16.1299991607666,SEN,Senegal
"824",15.5200004577637,-16.0300006866455,SEN,Senegal
"825",15.5200004577637,-15.9300003051758,SEN,Senegal
"826",15.5200004577637,-15.8299999237061,SEN,Senegal
"827",15.5200004577637,-15.7299995422363,SEN,Senegal
"828",15.5200004577637,-15.6300001144409,SEN,Senegal
"829",15.5200004577637,-15.5299997329712,SEN,Senegal
"830",15.5200004577637,-15.4300003051758,SEN,Senegal
"831",15.5200004577637,-15.3299999237061,SEN,Senegal
"832",15.5200004577637,-15.2299995422363,SEN,Senegal
"833",15.5200004577637,-15.1300001144409,SEN,Senegal
"834",15.5200004577637,-15.0299997329712,SEN,Senegal
"835",15.5200004577637,-14.9300003051758,SEN,Senegal
"836",15.5200004577637,-14.8299999237061,SEN,Senegal
"837",15.5200004577637,-14.7299995422363,SEN,Senegal
"838",15.5200004577637,-14.6300001144409,SEN,Senegal
"839",15.5200004577637,-14.5299997329712,SEN,Senegal
"840",15.5200004577637,-14.4300003051758,SEN,Senegal
"841",15.5200004577637,-14.3299999237061,SEN,Senegal
"842",15.5200004577637,-14.2299995422363,SEN,Senegal
"843",15.5200004577637,-14.1300001144409,SEN,Senegal
"844",15.5200004577637,-14.0299997329712,SEN,Senegal
"845",15.5200004577637,-13.9300003051758,SEN,Senegal
"846",15.5200004577637,-13.8299999237061,SEN,Senegal
"847",15.5200004577637,-13.7299995422363,SEN,Senegal
"848",15.5200004577637,-13.6300001144409,SEN,Senegal
"849",15.5200004577637,-13.5299997329712,SEN,Senegal
"850",15.5200004577637,-13.4300003051758,SEN,Senegal
"851",15.5200004577637,-13.3299999237061,SEN,Senegal
"852",15.5200004577637,-13.2299995422363,SEN,Senegal
"853",15.5200004577637,-13.1300001144409,SEN,Senegal
"884",15.4200000762939,-16.7299995422363,SEN,Senegal
"885",15.4200000762939,-16.6299991607666,SEN,Senegal
"886",15.4200000762939,-16.5300006866455,SEN,Senegal
"887",15.4200000762939,-16.4300003051758,SEN,Senegal
"888",15.4200000762939,-16.3299999237061,SEN,Senegal
"889",15.4200000762939,-16.2299995422363,SEN,Senegal
"890",15.4200000762939,-16.1299991607666,SEN,Senegal
"891",15.4200000762939,-16.0300006866455,SEN,Senegal
"892",15.4200000762939,-15.9300003051758,SEN,Senegal
"893",15.4200000762939,-15.8299999237061,SEN,Senegal
"894",15.4200000762939,-15.7299995422363,SEN,Senegal
"895",15.4200000762939,-15.6300001144409,SEN,Senegal
"896",15.4200000762939,-15.5299997329712,SEN,Senegal
"897",15.4200000762939,-15.4300003051758,SEN,Senegal
"898",15.4200000762939,-15.3299999237061,SEN,Senegal
"899",15.4200000762939,-15.2299995422363,SEN,Senegal
"900",15.4200000762939,-15.1300001144409,SEN,Senegal
"901",15.4200000762939,-15.0299997329712,SEN,Senegal
"902",15.4200000762939,-14.9300003051758,SEN,Senegal
"903",15.4200000762939,-14.8299999237061,SEN,Senegal
"904",15.4200000762939,-14.7299995422363,SEN,Senegal
"905",15.4200000762939,-14.6300001144409,SEN,Senegal
"906",15.4200000762939,-14.5299997329712,SEN,Senegal
"907",15.4200000762939,-14.4300003051758,SEN,Senegal
"908",15.4200000762939,-14.3299999237061,SEN,Senegal
"909",15.4200000762939,-14.2299995422363,SEN,Senegal
"910",15.4200000762939,-14.1300001144409,SEN,Senegal
"911",15.4200000762939,-14.0299997329712,SEN,Senegal
"912",15.4200000762939,-13.9300003051758,SEN,Senegal
"913",15.4200000762939,-13.8299999237061,SEN,Senegal
"914",15.4200000762939,-13.7299995422363,SEN,Senegal
"915",15.4200000762939,-13.6300001144409,SEN,Senegal
"916",15.4200000762939,-13.5299997329712,SEN,Senegal
"917",15.4200000762939,-13.4300003051758,SEN,Senegal
"918",15.4200000762939,-13.3299999237061,SEN,Senegal
"919",15.4200000762939,-13.2299995422363,SEN,Senegal
"920",15.4200000762939,-13.1300001144409,SEN,Senegal
"921",15.4200000762939,-13.0299997329712,SEN,Senegal
"951",15.3199996948242,-16.7299995422363,SEN,Senegal
"952",15.3199996948242,-16.6299991607666,SEN,Senegal
"953",15.3199996948242,-16.5300006866455,SEN,Senegal
"954",15.3199996948242,-16.4300003051758,SEN,Senegal
"955",15.3199996948242,-16.3299999237061,SEN,Senegal
"956",15.3199996948242,-16.2299995422363,SEN,Senegal
"957",15.3199996948242,-16.1299991607666,SEN,Senegal
"958",15.3199996948242,-16.0300006866455,SEN,Senegal
"959",15.3199996948242,-15.9300003051758,SEN,Senegal
"960",15.3199996948242,-15.8299999237061,SEN,Senegal
"961",15.3199996948242,-15.7299995422363,SEN,Senegal
"962",15.3199996948242,-15.6300001144409,SEN,Senegal
"963",15.3199996948242,-15.5299997329712,SEN,Senegal
"964",15.3199996948242,-15.4300003051758,SEN,Senegal
"965",15.3199996948242,-15.3299999237061,SEN,Senegal
"966",15.3199996948242,-15.2299995422363,SEN,Senegal
"967",15.3199996948242,-15.1300001144409,SEN,Senegal
"968",15.3199996948242,-15.0299997329712,SEN,Senegal
"969",15.3199996948242,-14.9300003051758,SEN,Senegal
"970",15.3199996948242,-14.8299999237061,SEN,Senegal
"971",15.3199996948242,-14.7299995422363,SEN,Senegal
"972",15.3199996948242,-14.6300001144409,SEN,Senegal
"973",15.3199996948242,-14.5299997329712,SEN,Senegal
"974",15.3199996948242,-14.4300003051758,SEN,Senegal
"975",15.3199996948242,-14.3299999237061,SEN,Senegal
"976",15.3199996948242,-14.2299995422363,SEN,Senegal
"977",15.3199996948242,-14.1300001144409,SEN,Senegal
"978",15.3199996948242,-14.0299997329712,SEN,Senegal
"979",15.3199996948242,-13.9300003051758,SEN,Senegal
"980",15.3199996948242,-13.8299999237061,SEN,Senegal
"981",15.3199996948242,-13.7299995422363,SEN,Senegal
"982",15.3199996948242,-13.6300001144409,SEN,Senegal
"983",15.3199996948242,-13.5299997329712,SEN,Senegal
"984",15.3199996948242,-13.4300003051758,SEN,Senegal
"985",15.3199996948242,-13.3299999237061,SEN,Senegal
"986",15.3199996948242,-13.2299995422363,SEN,Senegal
"987",15.3199996948242,-13.1300001144409,SEN,Senegal
"988",15.3199996948242,-13.0299997329712,SEN,Senegal
"989",15.3199996948242,-12.9300003051758,SEN,Senegal
"1017",15.2200002670288,-16.8299999237061,SEN,Senegal
"1018",15.2200002670288,-16.7299995422363,SEN,Senegal
"1019",15.2200002670288,-16.6299991607666,SEN,Senegal
"1020",15.2200002670288,-16.5300006866455,SEN,Senegal
"1021",15.2200002670288,-16.4300003051758,SEN,Senegal
"1022",15.2200002670288,-16.3299999237061,SEN,Senegal
"1023",15.2200002670288,-16.2299995422363,SEN,Senegal
"1024",15.2200002670288,-16.1299991607666,SEN,Senegal
"1025",15.2200002670288,-16.0300006866455,SEN,Senegal
"1026",15.2200002670288,-15.9300003051758,SEN,Senegal
"1027",15.2200002670288,-15.8299999237061,SEN,Senegal
"1028",15.2200002670288,-15.7299995422363,SEN,Senegal
"1029",15.2200002670288,-15.6300001144409,SEN,Senegal
"1030",15.2200002670288,-15.5299997329712,SEN,Senegal
"1031",15.2200002670288,-15.4300003051758,SEN,Senegal
"1032",15.2200002670288,-15.3299999237061,SEN,Senegal
"1033",15.2200002670288,-15.2299995422363,SEN,Senegal
"1034",15.2200002670288,-15.1300001144409,SEN,Senegal
"1035",15.2200002670288,-15.0299997329712,SEN,Senegal
"1036",15.2200002670288,-14.9300003051758,SEN,Senegal
"1037",15.2200002670288,-14.8299999237061,SEN,Senegal
"1038",15.2200002670288,-14.7299995422363,SEN,Senegal
"1039",15.2200002670288,-14.6300001144409,SEN,Senegal
"1040",15.2200002670288,-14.5299997329712,SEN,Senegal
"1041",15.2200002670288,-14.4300003051758,SEN,Senegal
"1042",15.2200002670288,-14.3299999237061,SEN,Senegal
"1043",15.2200002670288,-14.2299995422363,SEN,Senegal
"1044",15.2200002670288,-14.1300001144409,SEN,Senegal
"1045",15.2200002670288,-14.0299997329712,SEN,Senegal
"1046",15.2200002670288,-13.9300003051758,SEN,Senegal
"1047",15.2200002670288,-13.8299999237061,SEN,Senegal
"1048",15.2200002670288,-13.7299995422363,SEN,Senegal
"1049",15.2200002670288,-13.6300001144409,SEN,Senegal
"1050",15.2200002670288,-13.5299997329712,SEN,Senegal
"1051",15.2200002670288,-13.4300003051758,SEN,Senegal
"1052",15.2200002670288,-13.3299999237061,SEN,Senegal
"1053",15.2200002670288,-13.2299995422363,SEN,Senegal
"1054",15.2200002670288,-13.1300001144409,SEN,Senegal
"1055",15.2200002670288,-13.0299997329712,SEN,Senegal
"1056",15.2200002670288,-12.9300003051758,SEN,Senegal
"1083",15.1199998855591,-16.9300003051758,SEN,Senegal
"1084",15.1199998855591,-16.8299999237061,SEN,Senegal
"1085",15.1199998855591,-16.7299995422363,SEN,Senegal
"1086",15.1199998855591,-16.6299991607666,SEN,Senegal
"1087",15.1199998855591,-16.5300006866455,SEN,Senegal
"1088",15.1199998855591,-16.4300003051758,SEN,Senegal
"1089",15.1199998855591,-16.3299999237061,SEN,Senegal
"1090",15.1199998855591,-16.2299995422363,SEN,Senegal
"1091",15.1199998855591,-16.1299991607666,SEN,Senegal
"1092",15.1199998855591,-16.0300006866455,SEN,Senegal
"1093",15.1199998855591,-15.9300003051758,SEN,Senegal
"1094",15.1199998855591,-15.8299999237061,SEN,Senegal
"1095",15.1199998855591,-15.7299995422363,SEN,Senegal
"1096",15.1199998855591,-15.6300001144409,SEN,Senegal
"1097",15.1199998855591,-15.5299997329712,SEN,Senegal
"1098",15.1199998855591,-15.4300003051758,SEN,Senegal
"1099",15.1199998855591,-15.3299999237061,SEN,Senegal
"1100",15.1199998855591,-15.2299995422363,SEN,Senegal
"1101",15.1199998855591,-15.1300001144409,SEN,Senegal
"1102",15.1199998855591,-15.0299997329712,SEN,Senegal
"1103",15.1199998855591,-14.9300003051758,SEN,Senegal
"1104",15.1199998855591,-14.8299999237061,SEN,Senegal
"1105",15.1199998855591,-14.7299995422363,SEN,Senegal
"1106",15.1199998855591,-14.6300001144409,SEN,Senegal
"1107",15.1199998855591,-14.5299997329712,SEN,Senegal
"1108",15.1199998855591,-14.4300003051758,SEN,Senegal
"1109",15.1199998855591,-14.3299999237061,SEN,Senegal
"1110",15.1199998855591,-14.2299995422363,SEN,Senegal
"1111",15.1199998855591,-14.1300001144409,SEN,Senegal
"1112",15.1199998855591,-14.0299997329712,SEN,Senegal
"1113",15.1199998855591,-13.9300003051758,SEN,Senegal
"1114",15.1199998855591,-13.8299999237061,SEN,Senegal
"1115",15.1199998855591,-13.7299995422363,SEN,Senegal
"1116",15.1199998855591,-13.6300001144409,SEN,Senegal
"1117",15.1199998855591,-13.5299997329712,SEN,Senegal
"1118",15.1199998855591,-13.4300003051758,SEN,Senegal
"1119",15.1199998855591,-13.3299999237061,SEN,Senegal
"1120",15.1199998855591,-13.2299995422363,SEN,Senegal
"1121",15.1199998855591,-13.1300001144409,SEN,Senegal
"1122",15.1199998855591,-13.0299997329712,SEN,Senegal
"1123",15.1199998855591,-12.9300003051758,SEN,Senegal
"1124",15.1199998855591,-12.8299999237061,SEN,Senegal
"1149",15.0200004577637,-17.0300006866455,SEN,Senegal
"1150",15.0200004577637,-16.9300003051758,SEN,Senegal
"1151",15.0200004577637,-16.8299999237061,SEN,Senegal
"1152",15.0200004577637,-16.7299995422363,SEN,Senegal
"1153",15.0200004577637,-16.6299991607666,SEN,Senegal
"1154",15.0200004577637,-16.5300006866455,SEN,Senegal
"1155",15.0200004577637,-16.4300003051758,SEN,Senegal
"1156",15.0200004577637,-16.3299999237061,SEN,Senegal
"1157",15.0200004577637,-16.2299995422363,SEN,Senegal
"1158",15.0200004577637,-16.1299991607666,SEN,Senegal
"1159",15.0200004577637,-16.0300006866455,SEN,Senegal
"1160",15.0200004577637,-15.9300003051758,SEN,Senegal
"1161",15.0200004577637,-15.8299999237061,SEN,Senegal
"1162",15.0200004577637,-15.7299995422363,SEN,Senegal
"1163",15.0200004577637,-15.6300001144409,SEN,Senegal
"1164",15.0200004577637,-15.5299997329712,SEN,Senegal
"1165",15.0200004577637,-15.4300003051758,SEN,Senegal
"1166",15.0200004577637,-15.3299999237061,SEN,Senegal
"1167",15.0200004577637,-15.2299995422363,SEN,Senegal
"1168",15.0200004577637,-15.1300001144409,SEN,Senegal
"1169",15.0200004577637,-15.0299997329712,SEN,Senegal
"1170",15.0200004577637,-14.9300003051758,SEN,Senegal
"1171",15.0200004577637,-14.8299999237061,SEN,Senegal
"1172",15.0200004577637,-14.7299995422363,SEN,Senegal
"1173",15.0200004577637,-14.6300001144409,SEN,Senegal
"1174",15.0200004577637,-14.5299997329712,SEN,Senegal
"1175",15.0200004577637,-14.4300003051758,SEN,Senegal
"1176",15.0200004577637,-14.3299999237061,SEN,Senegal
"1177",15.0200004577637,-14.2299995422363,SEN,Senegal
"1178",15.0200004577637,-14.1300001144409,SEN,Senegal
"1179",15.0200004577637,-14.0299997329712,SEN,Senegal
"1180",15.0200004577637,-13.9300003051758,SEN,Senegal
"1181",15.0200004577637,-13.8299999237061,SEN,Senegal
"1182",15.0200004577637,-13.7299995422363,SEN,Senegal
"1183",15.0200004577637,-13.6300001144409,SEN,Senegal
"1184",15.0200004577637,-13.5299997329712,SEN,Senegal
"1185",15.0200004577637,-13.4300003051758,SEN,Senegal
"1186",15.0200004577637,-13.3299999237061,SEN,Senegal
"1187",15.0200004577637,-13.2299995422363,SEN,Senegal
"1188",15.0200004577637,-13.1300001144409,SEN,Senegal
"1189",15.0200004577637,-13.0299997329712,SEN,Senegal
"1190",15.0200004577637,-12.9300003051758,SEN,Senegal
"1191",15.0200004577637,-12.8299999237061,SEN,Senegal
"1192",15.0200004577637,-12.7299995422363,SEN,Senegal
"1193",15.0200004577637,-12.6300001144409,SEN,Senegal
"1194",15.0200004577637,-12.5299997329712,SEN,Senegal
"1216",14.9200000762939,-17.0300006866455,SEN,Senegal
"1217",14.9200000762939,-16.9300003051758,SEN,Senegal
"1218",14.9200000762939,-16.8299999237061,SEN,Senegal
"1219",14.9200000762939,-16.7299995422363,SEN,Senegal
"1220",14.9200000762939,-16.6299991607666,SEN,Senegal
"1221",14.9200000762939,-16.5300006866455,SEN,Senegal
"1222",14.9200000762939,-16.4300003051758,SEN,Senegal
"1223",14.9200000762939,-16.3299999237061,SEN,Senegal
"1224",14.9200000762939,-16.2299995422363,SEN,Senegal
"1225",14.9200000762939,-16.1299991607666,SEN,Senegal
"1226",14.9200000762939,-16.0300006866455,SEN,Senegal
"1227",14.9200000762939,-15.9300003051758,SEN,Senegal
"1228",14.9200000762939,-15.8299999237061,SEN,Senegal
"1229",14.9200000762939,-15.7299995422363,SEN,Senegal
"1230",14.9200000762939,-15.6300001144409,SEN,Senegal
"1231",14.9200000762939,-15.5299997329712,SEN,Senegal
"1232",14.9200000762939,-15.4300003051758,SEN,Senegal
"1233",14.9200000762939,-15.3299999237061,SEN,Senegal
"1234",14.9200000762939,-15.2299995422363,SEN,Senegal
"1235",14.9200000762939,-15.1300001144409,SEN,Senegal
"1236",14.9200000762939,-15.0299997329712,SEN,Senegal
"1237",14.9200000762939,-14.9300003051758,SEN,Senegal
"1238",14.9200000762939,-14.8299999237061,SEN,Senegal
"1239",14.9200000762939,-14.7299995422363,SEN,Senegal
"1240",14.9200000762939,-14.6300001144409,SEN,Senegal
"1241",14.9200000762939,-14.5299997329712,SEN,Senegal
"1242",14.9200000762939,-14.4300003051758,SEN,Senegal
"1243",14.9200000762939,-14.3299999237061,SEN,Senegal
"1244",14.9200000762939,-14.2299995422363,SEN,Senegal
"1245",14.9200000762939,-14.1300001144409,SEN,Senegal
"1246",14.9200000762939,-14.0299997329712,SEN,Senegal
"1247",14.9200000762939,-13.9300003051758,SEN,Senegal
"1248",14.9200000762939,-13.8299999237061,SEN,Senegal
"1249",14.9200000762939,-13.7299995422363,SEN,Senegal
"1250",14.9200000762939,-13.6300001144409,SEN,Senegal
"1251",14.9200000762939,-13.5299997329712,SEN,Senegal
"1252",14.9200000762939,-13.4300003051758,SEN,Senegal
"1253",14.9200000762939,-13.3299999237061,SEN,Senegal
"1254",14.9200000762939,-13.2299995422363,SEN,Senegal
"1255",14.9200000762939,-13.1300001144409,SEN,Senegal
"1256",14.9200000762939,-13.0299997329712,SEN,Senegal
"1257",14.9200000762939,-12.9300003051758,SEN,Senegal
"1258",14.9200000762939,-12.8299999237061,SEN,Senegal
"1259",14.9200000762939,-12.7299995422363,SEN,Senegal
"1260",14.9200000762939,-12.6300001144409,SEN,Senegal
"1261",14.9200000762939,-12.5299997329712,SEN,Senegal
"1281",14.8199996948242,-17.2299995422363,SEN,Senegal
"1282",14.8199996948242,-17.1299991607666,SEN,Senegal
"1283",14.8199996948242,-17.0300006866455,SEN,Senegal
"1284",14.8199996948242,-16.9300003051758,SEN,Senegal
"1285",14.8199996948242,-16.8299999237061,SEN,Senegal
"1286",14.8199996948242,-16.7299995422363,SEN,Senegal
"1287",14.8199996948242,-16.6299991607666,SEN,Senegal
"1288",14.8199996948242,-16.5300006866455,SEN,Senegal
"1289",14.8199996948242,-16.4300003051758,SEN,Senegal
"1290",14.8199996948242,-16.3299999237061,SEN,Senegal
"1291",14.8199996948242,-16.2299995422363,SEN,Senegal
"1292",14.8199996948242,-16.1299991607666,SEN,Senegal
"1293",14.8199996948242,-16.0300006866455,SEN,Senegal
"1294",14.8199996948242,-15.9300003051758,SEN,Senegal
"1295",14.8199996948242,-15.8299999237061,SEN,Senegal
"1296",14.8199996948242,-15.7299995422363,SEN,Senegal
"1297",14.8199996948242,-15.6300001144409,SEN,Senegal
"1298",14.8199996948242,-15.5299997329712,SEN,Senegal
"1299",14.8199996948242,-15.4300003051758,SEN,Senegal
"1300",14.8199996948242,-15.3299999237061,SEN,Senegal
"1301",14.8199996948242,-15.2299995422363,SEN,Senegal
"1302",14.8199996948242,-15.1300001144409,SEN,Senegal
"1303",14.8199996948242,-15.0299997329712,SEN,Senegal
"1304",14.8199996948242,-14.9300003051758,SEN,Senegal
"1305",14.8199996948242,-14.8299999237061,SEN,Senegal
"1306",14.8199996948242,-14.7299995422363,SEN,Senegal
"1307",14.8199996948242,-14.6300001144409,SEN,Senegal
"1308",14.8199996948242,-14.5299997329712,SEN,Senegal
"1309",14.8199996948242,-14.4300003051758,SEN,Senegal
"1310",14.8199996948242,-14.3299999237061,SEN,Senegal
"1311",14.8199996948242,-14.2299995422363,SEN,Senegal
"1312",14.8199996948242,-14.1300001144409,SEN,Senegal
"1313",14.8199996948242,-14.0299997329712,SEN,Senegal
"1314",14.8199996948242,-13.9300003051758,SEN,Senegal
"1315",14.8199996948242,-13.8299999237061,SEN,Senegal
"1316",14.8199996948242,-13.7299995422363,SEN,Senegal
"1317",14.8199996948242,-13.6300001144409,SEN,Senegal
"1318",14.8199996948242,-13.5299997329712,SEN,Senegal
"1319",14.8199996948242,-13.4300003051758,SEN,Senegal
"1320",14.8199996948242,-13.3299999237061,SEN,Senegal
"1321",14.8199996948242,-13.2299995422363,SEN,Senegal
"1322",14.8199996948242,-13.1300001144409,SEN,Senegal
"1323",14.8199996948242,-13.0299997329712,SEN,Senegal
"1324",14.8199996948242,-12.9300003051758,SEN,Senegal
"1325",14.8199996948242,-12.8299999237061,SEN,Senegal
"1326",14.8199996948242,-12.7299995422363,SEN,Senegal
"1327",14.8199996948242,-12.6300001144409,SEN,Senegal
"1328",14.8199996948242,-12.5299997329712,SEN,Senegal
"1329",14.8199996948242,-12.4300003051758,SEN,Senegal
"1330",14.8199996948242,-12.3299999237061,SEN,Senegal
"1346",14.7200002670288,-17.4300003051758,SEN,Senegal
"1348",14.7200002670288,-17.2299995422363,SEN,Senegal
"1349",14.7200002670288,-17.1299991607666,SEN,Senegal
"1350",14.7200002670288,-17.0300006866455,SEN,Senegal
"1351",14.7200002670288,-16.9300003051758,SEN,Senegal
"1352",14.7200002670288,-16.8299999237061,SEN,Senegal
"1353",14.7200002670288,-16.7299995422363,SEN,Senegal
"1354",14.7200002670288,-16.6299991607666,SEN,Senegal
"1355",14.7200002670288,-16.5300006866455,SEN,Senegal
"1356",14.7200002670288,-16.4300003051758,SEN,Senegal
"1357",14.7200002670288,-16.3299999237061,SEN,Senegal
"1358",14.7200002670288,-16.2299995422363,SEN,Senegal
"1359",14.7200002670288,-16.1299991607666,SEN,Senegal
"1360",14.7200002670288,-16.0300006866455,SEN,Senegal
"1361",14.7200002670288,-15.9300003051758,SEN,Senegal
"1362",14.7200002670288,-15.8299999237061,SEN,Senegal
"1363",14.7200002670288,-15.7299995422363,SEN,Senegal
"1364",14.7200002670288,-15.6300001144409,SEN,Senegal
"1365",14.7200002670288,-15.5299997329712,SEN,Senegal
"1366",14.7200002670288,-15.4300003051758,SEN,Senegal
"1367",14.7200002670288,-15.3299999237061,SEN,Senegal
"1368",14.7200002670288,-15.2299995422363,SEN,Senegal
"1369",14.7200002670288,-15.1300001144409,SEN,Senegal
"1370",14.7200002670288,-15.0299997329712,SEN,Senegal
"1371",14.7200002670288,-14.9300003051758,SEN,Senegal
"1372",14.7200002670288,-14.8299999237061,SEN,Senegal
"1373",14.7200002670288,-14.7299995422363,SEN,Senegal
"1374",14.7200002670288,-14.6300001144409,SEN,Senegal
"1375",14.7200002670288,-14.5299997329712,SEN,Senegal
"1376",14.7200002670288,-14.4300003051758,SEN,Senegal
"1377",14.7200002670288,-14.3299999237061,SEN,Senegal
"1378",14.7200002670288,-14.2299995422363,SEN,Senegal
"1379",14.7200002670288,-14.1300001144409,SEN,Senegal
"1380",14.7200002670288,-14.0299997329712,SEN,Senegal
"1381",14.7200002670288,-13.9300003051758,SEN,Senegal
"1382",14.7200002670288,-13.8299999237061,SEN,Senegal
"1383",14.7200002670288,-13.7299995422363,SEN,Senegal
"1384",14.7200002670288,-13.6300001144409,SEN,Senegal
"1385",14.7200002670288,-13.5299997329712,SEN,Senegal
"1386",14.7200002670288,-13.4300003051758,SEN,Senegal
"1387",14.7200002670288,-13.3299999237061,SEN,Senegal
"1388",14.7200002670288,-13.2299995422363,SEN,Senegal
"1389",14.7200002670288,-13.1300001144409,SEN,Senegal
"1390",14.7200002670288,-13.0299997329712,SEN,Senegal
"1391",14.7200002670288,-12.9300003051758,SEN,Senegal
"1392",14.7200002670288,-12.8299999237061,SEN,Senegal
"1393",14.7200002670288,-12.7299995422363,SEN,Senegal
"1394",14.7200002670288,-12.6300001144409,SEN,Senegal
"1395",14.7200002670288,-12.5299997329712,SEN,Senegal
"1396",14.7200002670288,-12.4300003051758,SEN,Senegal
"1397",14.7200002670288,-12.3299999237061,SEN,Senegal
"1398",14.7200002670288,-12.2299995422363,SEN,Senegal
"1416",14.6199998855591,-17.1299991607666,SEN,Senegal
"1417",14.6199998855591,-17.0300006866455,SEN,Senegal
"1418",14.6199998855591,-16.9300003051758,SEN,Senegal
"1419",14.6199998855591,-16.8299999237061,SEN,Senegal
"1420",14.6199998855591,-16.7299995422363,SEN,Senegal
"1421",14.6199998855591,-16.6299991607666,SEN,Senegal
"1422",14.6199998855591,-16.5300006866455,SEN,Senegal
"1423",14.6199998855591,-16.4300003051758,SEN,Senegal
"1424",14.6199998855591,-16.3299999237061,SEN,Senegal
"1425",14.6199998855591,-16.2299995422363,SEN,Senegal
"1426",14.6199998855591,-16.1299991607666,SEN,Senegal
"1427",14.6199998855591,-16.0300006866455,SEN,Senegal
"1428",14.6199998855591,-15.9300003051758,SEN,Senegal
"1429",14.6199998855591,-15.8299999237061,SEN,Senegal
"1430",14.6199998855591,-15.7299995422363,SEN,Senegal
"1431",14.6199998855591,-15.6300001144409,SEN,Senegal
"1432",14.6199998855591,-15.5299997329712,SEN,Senegal
"1433",14.6199998855591,-15.4300003051758,SEN,Senegal
"1434",14.6199998855591,-15.3299999237061,SEN,Senegal
"1435",14.6199998855591,-15.2299995422363,SEN,Senegal
"1436",14.6199998855591,-15.1300001144409,SEN,Senegal
"1437",14.6199998855591,-15.0299997329712,SEN,Senegal
"1438",14.6199998855591,-14.9300003051758,SEN,Senegal
"1439",14.6199998855591,-14.8299999237061,SEN,Senegal
"1440",14.6199998855591,-14.7299995422363,SEN,Senegal
"1441",14.6199998855591,-14.6300001144409,SEN,Senegal
"1442",14.6199998855591,-14.5299997329712,SEN,Senegal
"1443",14.6199998855591,-14.4300003051758,SEN,Senegal
"1444",14.6199998855591,-14.3299999237061,SEN,Senegal
"1445",14.6199998855591,-14.2299995422363,SEN,Senegal
"1446",14.6199998855591,-14.1300001144409,SEN,Senegal
"1447",14.6199998855591,-14.0299997329712,SEN,Senegal
"1448",14.6199998855591,-13.9300003051758,SEN,Senegal
"1449",14.6199998855591,-13.8299999237061,SEN,Senegal
"1450",14.6199998855591,-13.7299995422363,SEN,Senegal
"1451",14.6199998855591,-13.6300001144409,SEN,Senegal
"1452",14.6199998855591,-13.5299997329712,SEN,Senegal
"1453",14.6199998855591,-13.4300003051758,SEN,Senegal
"1454",14.6199998855591,-13.3299999237061,SEN,Senegal
"1455",14.6199998855591,-13.2299995422363,SEN,Senegal
"1456",14.6199998855591,-13.1300001144409,SEN,Senegal
"1457",14.6199998855591,-13.0299997329712,SEN,Senegal
"1458",14.6199998855591,-12.9300003051758,SEN,Senegal
"1459",14.6199998855591,-12.8299999237061,SEN,Senegal
"1460",14.6199998855591,-12.7299995422363,SEN,Senegal
"1461",14.6199998855591,-12.6300001144409,SEN,Senegal
"1462",14.6199998855591,-12.5299997329712,SEN,Senegal
"1463",14.6199998855591,-12.4300003051758,SEN,Senegal
"1464",14.6199998855591,-12.3299999237061,SEN,Senegal
"1465",14.6199998855591,-12.2299995422363,SEN,Senegal
"1484",14.5200004577637,-17.0300006866455,SEN,Senegal
"1485",14.5200004577637,-16.9300003051758,SEN,Senegal
"1486",14.5200004577637,-16.8299999237061,SEN,Senegal
"1487",14.5200004577637,-16.7299995422363,SEN,Senegal
"1488",14.5200004577637,-16.6299991607666,SEN,Senegal
"1489",14.5200004577637,-16.5300006866455,SEN,Senegal
"1490",14.5200004577637,-16.4300003051758,SEN,Senegal
"1491",14.5200004577637,-16.3299999237061,SEN,Senegal
"1492",14.5200004577637,-16.2299995422363,SEN,Senegal
"1493",14.5200004577637,-16.1299991607666,SEN,Senegal
"1494",14.5200004577637,-16.0300006866455,SEN,Senegal
"1495",14.5200004577637,-15.9300003051758,SEN,Senegal
"1496",14.5200004577637,-15.8299999237061,SEN,Senegal
"1497",14.5200004577637,-15.7299995422363,SEN,Senegal
"1498",14.5200004577637,-15.6300001144409,SEN,Senegal
"1499",14.5200004577637,-15.5299997329712,SEN,Senegal
"1500",14.5200004577637,-15.4300003051758,SEN,Senegal
"1501",14.5200004577637,-15.3299999237061,SEN,Senegal
"1502",14.5200004577637,-15.2299995422363,SEN,Senegal
"1503",14.5200004577637,-15.1300001144409,SEN,Senegal
"1504",14.5200004577637,-15.0299997329712,SEN,Senegal
"1505",14.5200004577637,-14.9300003051758,SEN,Senegal
"1506",14.5200004577637,-14.8299999237061,SEN,Senegal
"1507",14.5200004577637,-14.7299995422363,SEN,Senegal
"1508",14.5200004577637,-14.6300001144409,SEN,Senegal
"1509",14.5200004577637,-14.5299997329712,SEN,Senegal
"1510",14.5200004577637,-14.4300003051758,SEN,Senegal
"1511",14.5200004577637,-14.3299999237061,SEN,Senegal
"1512",14.5200004577637,-14.2299995422363,SEN,Senegal
"1513",14.5200004577637,-14.1300001144409,SEN,Senegal
"1514",14.5200004577637,-14.0299997329712,SEN,Senegal
"1515",14.5200004577637,-13.9300003051758,SEN,Senegal
"1516",14.5200004577637,-13.8299999237061,SEN,Senegal
"1517",14.5200004577637,-13.7299995422363,SEN,Senegal
"1518",14.5200004577637,-13.6300001144409,SEN,Senegal
"1519",14.5200004577637,-13.5299997329712,SEN,Senegal
"1520",14.5200004577637,-13.4300003051758,SEN,Senegal
"1521",14.5200004577637,-13.3299999237061,SEN,Senegal
"1522",14.5200004577637,-13.2299995422363,SEN,Senegal
"1523",14.5200004577637,-13.1300001144409,SEN,Senegal
"1524",14.5200004577637,-13.0299997329712,SEN,Senegal
"1525",14.5200004577637,-12.9300003051758,SEN,Senegal
"1526",14.5200004577637,-12.8299999237061,SEN,Senegal
"1527",14.5200004577637,-12.7299995422363,SEN,Senegal
"1528",14.5200004577637,-12.6300001144409,SEN,Senegal
"1529",14.5200004577637,-12.5299997329712,SEN,Senegal
"1530",14.5200004577637,-12.4300003051758,SEN,Senegal
"1531",14.5200004577637,-12.3299999237061,SEN,Senegal
"1532",14.5200004577637,-12.2299995422363,SEN,Senegal
"1552",14.4200000762939,-16.9300003051758,SEN,Senegal
"1553",14.4200000762939,-16.8299999237061,SEN,Senegal
"1554",14.4200000762939,-16.7299995422363,SEN,Senegal
"1555",14.4200000762939,-16.6299991607666,SEN,Senegal
"1556",14.4200000762939,-16.5300006866455,SEN,Senegal
"1557",14.4200000762939,-16.4300003051758,SEN,Senegal
"1558",14.4200000762939,-16.3299999237061,SEN,Senegal
"1559",14.4200000762939,-16.2299995422363,SEN,Senegal
"1560",14.4200000762939,-16.1299991607666,SEN,Senegal
"1561",14.4200000762939,-16.0300006866455,SEN,Senegal
"1562",14.4200000762939,-15.9300003051758,SEN,Senegal
"1563",14.4200000762939,-15.8299999237061,SEN,Senegal
"1564",14.4200000762939,-15.7299995422363,SEN,Senegal
"1565",14.4200000762939,-15.6300001144409,SEN,Senegal
"1566",14.4200000762939,-15.5299997329712,SEN,Senegal
"1567",14.4200000762939,-15.4300003051758,SEN,Senegal
"1568",14.4200000762939,-15.3299999237061,SEN,Senegal
"1569",14.4200000762939,-15.2299995422363,SEN,Senegal
"1570",14.4200000762939,-15.1300001144409,SEN,Senegal
"1571",14.4200000762939,-15.0299997329712,SEN,Senegal
"1572",14.4200000762939,-14.9300003051758,SEN,Senegal
"1573",14.4200000762939,-14.8299999237061,SEN,Senegal
"1574",14.4200000762939,-14.7299995422363,SEN,Senegal
"1575",14.4200000762939,-14.6300001144409,SEN,Senegal
"1576",14.4200000762939,-14.5299997329712,SEN,Senegal
"1577",14.4200000762939,-14.4300003051758,SEN,Senegal
"1578",14.4200000762939,-14.3299999237061,SEN,Senegal
"1579",14.4200000762939,-14.2299995422363,SEN,Senegal
"1580",14.4200000762939,-14.1300001144409,SEN,Senegal
"1581",14.4200000762939,-14.0299997329712,SEN,Senegal
"1582",14.4200000762939,-13.9300003051758,SEN,Senegal
"1583",14.4200000762939,-13.8299999237061,SEN,Senegal
"1584",14.4200000762939,-13.7299995422363,SEN,Senegal
"1585",14.4200000762939,-13.6300001144409,SEN,Senegal
"1586",14.4200000762939,-13.5299997329712,SEN,Senegal
"1587",14.4200000762939,-13.4300003051758,SEN,Senegal
"1588",14.4200000762939,-13.3299999237061,SEN,Senegal
"1589",14.4200000762939,-13.2299995422363,SEN,Senegal
"1590",14.4200000762939,-13.1300001144409,SEN,Senegal
"1591",14.4200000762939,-13.0299997329712,SEN,Senegal
"1592",14.4200000762939,-12.9300003051758,SEN,Senegal
"1593",14.4200000762939,-12.8299999237061,SEN,Senegal
"1594",14.4200000762939,-12.7299995422363,SEN,Senegal
"1595",14.4200000762939,-12.6300001144409,SEN,Senegal
"1596",14.4200000762939,-12.5299997329712,SEN,Senegal
"1597",14.4200000762939,-12.4300003051758,SEN,Senegal
"1598",14.4200000762939,-12.3299999237061,SEN,Senegal
"1599",14.4200000762939,-12.2299995422363,SEN,Senegal
"1619",14.3199996948242,-16.9300003051758,SEN,Senegal
"1620",14.3199996948242,-16.8299999237061,SEN,Senegal
"1621",14.3199996948242,-16.7299995422363,SEN,Senegal
"1622",14.3199996948242,-16.6299991607666,SEN,Senegal
"1623",14.3199996948242,-16.5300006866455,SEN,Senegal
"1624",14.3199996948242,-16.4300003051758,SEN,Senegal
"1625",14.3199996948242,-16.3299999237061,SEN,Senegal
"1626",14.3199996948242,-16.2299995422363,SEN,Senegal
"1627",14.3199996948242,-16.1299991607666,SEN,Senegal
"1628",14.3199996948242,-16.0300006866455,SEN,Senegal
"1629",14.3199996948242,-15.9300003051758,SEN,Senegal
"1630",14.3199996948242,-15.8299999237061,SEN,Senegal
"1631",14.3199996948242,-15.7299995422363,SEN,Senegal
"1632",14.3199996948242,-15.6300001144409,SEN,Senegal
"1633",14.3199996948242,-15.5299997329712,SEN,Senegal
"1634",14.3199996948242,-15.4300003051758,SEN,Senegal
"1635",14.3199996948242,-15.3299999237061,SEN,Senegal
"1636",14.3199996948242,-15.2299995422363,SEN,Senegal
"1637",14.3199996948242,-15.1300001144409,SEN,Senegal
"1638",14.3199996948242,-15.0299997329712,SEN,Senegal
"1639",14.3199996948242,-14.9300003051758,SEN,Senegal
"1640",14.3199996948242,-14.8299999237061,SEN,Senegal
"1641",14.3199996948242,-14.7299995422363,SEN,Senegal
"1642",14.3199996948242,-14.6300001144409,SEN,Senegal
"1643",14.3199996948242,-14.5299997329712,SEN,Senegal
"1644",14.3199996948242,-14.4300003051758,SEN,Senegal
"1645",14.3199996948242,-14.3299999237061,SEN,Senegal
"1646",14.3199996948242,-14.2299995422363,SEN,Senegal
"1647",14.3199996948242,-14.1300001144409,SEN,Senegal
"1648",14.3199996948242,-14.0299997329712,SEN,Senegal
"1649",14.3199996948242,-13.9300003051758,SEN,Senegal
"1650",14.3199996948242,-13.8299999237061,SEN,Senegal
"1651",14.3199996948242,-13.7299995422363,SEN,Senegal
"1652",14.3199996948242,-13.6300001144409,SEN,Senegal
"1653",14.3199996948242,-13.5299997329712,SEN,Senegal
"1654",14.3199996948242,-13.4300003051758,SEN,Senegal
"1655",14.3199996948242,-13.3299999237061,SEN,Senegal
"1656",14.3199996948242,-13.2299995422363,SEN,Senegal
"1657",14.3199996948242,-13.1300001144409,SEN,Senegal
"1658",14.3199996948242,-13.0299997329712,SEN,Senegal
"1659",14.3199996948242,-12.9300003051758,SEN,Senegal
"1660",14.3199996948242,-12.8299999237061,SEN,Senegal
"1661",14.3199996948242,-12.7299995422363,SEN,Senegal
"1662",14.3199996948242,-12.6300001144409,SEN,Senegal
"1663",14.3199996948242,-12.5299997329712,SEN,Senegal
"1664",14.3199996948242,-12.4300003051758,SEN,Senegal
"1665",14.3199996948242,-12.3299999237061,SEN,Senegal
"1666",14.3199996948242,-12.2299995422363,SEN,Senegal
"1667",14.3199996948242,-12.1300001144409,SEN,Senegal
"1687",14.2200002670288,-16.8299999237061,SEN,Senegal
"1688",14.2200002670288,-16.7299995422363,SEN,Senegal
"1689",14.2200002670288,-16.6299991607666,SEN,Senegal
"1690",14.2200002670288,-16.5300006866455,SEN,Senegal
"1691",14.2200002670288,-16.4300003051758,SEN,Senegal
"1692",14.2200002670288,-16.3299999237061,SEN,Senegal
"1693",14.2200002670288,-16.2299995422363,SEN,Senegal
"1694",14.2200002670288,-16.1299991607666,SEN,Senegal
"1695",14.2200002670288,-16.0300006866455,SEN,Senegal
"1696",14.2200002670288,-15.9300003051758,SEN,Senegal
"1697",14.2200002670288,-15.8299999237061,SEN,Senegal
"1698",14.2200002670288,-15.7299995422363,SEN,Senegal
"1699",14.2200002670288,-15.6300001144409,SEN,Senegal
"1700",14.2200002670288,-15.5299997329712,SEN,Senegal
"1701",14.2200002670288,-15.4300003051758,SEN,Senegal
"1702",14.2200002670288,-15.3299999237061,SEN,Senegal
"1703",14.2200002670288,-15.2299995422363,SEN,Senegal
"1704",14.2200002670288,-15.1300001144409,SEN,Senegal
"1705",14.2200002670288,-15.0299997329712,SEN,Senegal
"1706",14.2200002670288,-14.9300003051758,SEN,Senegal
"1707",14.2200002670288,-14.8299999237061,SEN,Senegal
"1708",14.2200002670288,-14.7299995422363,SEN,Senegal
"1709",14.2200002670288,-14.6300001144409,SEN,Senegal
"1710",14.2200002670288,-14.5299997329712,SEN,Senegal
"1711",14.2200002670288,-14.4300003051758,SEN,Senegal
"1712",14.2200002670288,-14.3299999237061,SEN,Senegal
"1713",14.2200002670288,-14.2299995422363,SEN,Senegal
"1714",14.2200002670288,-14.1300001144409,SEN,Senegal
"1715",14.2200002670288,-14.0299997329712,SEN,Senegal
"1716",14.2200002670288,-13.9300003051758,SEN,Senegal
"1717",14.2200002670288,-13.8299999237061,SEN,Senegal
"1718",14.2200002670288,-13.7299995422363,SEN,Senegal
"1719",14.2200002670288,-13.6300001144409,SEN,Senegal
"1720",14.2200002670288,-13.5299997329712,SEN,Senegal
"1721",14.2200002670288,-13.4300003051758,SEN,Senegal
"1722",14.2200002670288,-13.3299999237061,SEN,Senegal
"1723",14.2200002670288,-13.2299995422363,SEN,Senegal
"1724",14.2200002670288,-13.1300001144409,SEN,Senegal
"1725",14.2200002670288,-13.0299997329712,SEN,Senegal
"1726",14.2200002670288,-12.9300003051758,SEN,Senegal
"1727",14.2200002670288,-12.8299999237061,SEN,Senegal
"1728",14.2200002670288,-12.7299995422363,SEN,Senegal
"1729",14.2200002670288,-12.6300001144409,SEN,Senegal
"1730",14.2200002670288,-12.5299997329712,SEN,Senegal
"1731",14.2200002670288,-12.4300003051758,SEN,Senegal
"1732",14.2200002670288,-12.3299999237061,SEN,Senegal
"1733",14.2200002670288,-12.2299995422363,SEN,Senegal
"1734",14.2200002670288,-12.1300001144409,SEN,Senegal
"1735",14.2200002670288,-12.0299997329712,SEN,Senegal
"1755",14.1199998855591,-16.7299995422363,SEN,Senegal
"1756",14.1199998855591,-16.6299991607666,SEN,Senegal
"1757",14.1199998855591,-16.5300006866455,SEN,Senegal
"1758",14.1199998855591,-16.4300003051758,SEN,Senegal
"1759",14.1199998855591,-16.3299999237061,SEN,Senegal
"1760",14.1199998855591,-16.2299995422363,SEN,Senegal
"1761",14.1199998855591,-16.1299991607666,SEN,Senegal
"1762",14.1199998855591,-16.0300006866455,SEN,Senegal
"1763",14.1199998855591,-15.9300003051758,SEN,Senegal
"1764",14.1199998855591,-15.8299999237061,SEN,Senegal
"1765",14.1199998855591,-15.7299995422363,SEN,Senegal
"1766",14.1199998855591,-15.6300001144409,SEN,Senegal
"1767",14.1199998855591,-15.5299997329712,SEN,Senegal
"1768",14.1199998855591,-15.4300003051758,SEN,Senegal
"1769",14.1199998855591,-15.3299999237061,SEN,Senegal
"1770",14.1199998855591,-15.2299995422363,SEN,Senegal
"1771",14.1199998855591,-15.1300001144409,SEN,Senegal
"1772",14.1199998855591,-15.0299997329712,SEN,Senegal
"1773",14.1199998855591,-14.9300003051758,SEN,Senegal
"1774",14.1199998855591,-14.8299999237061,SEN,Senegal
"1775",14.1199998855591,-14.7299995422363,SEN,Senegal
"1776",14.1199998855591,-14.6300001144409,SEN,Senegal
"1777",14.1199998855591,-14.5299997329712,SEN,Senegal
"1778",14.1199998855591,-14.4300003051758,SEN,Senegal
"1779",14.1199998855591,-14.3299999237061,SEN,Senegal
"1780",14.1199998855591,-14.2299995422363,SEN,Senegal
"1781",14.1199998855591,-14.1300001144409,SEN,Senegal
"1782",14.1199998855591,-14.0299997329712,SEN,Senegal
"1783",14.1199998855591,-13.9300003051758,SEN,Senegal
"1784",14.1199998855591,-13.8299999237061,SEN,Senegal
"1785",14.1199998855591,-13.7299995422363,SEN,Senegal
"1786",14.1199998855591,-13.6300001144409,SEN,Senegal
"1787",14.1199998855591,-13.5299997329712,SEN,Senegal
"1788",14.1199998855591,-13.4300003051758,SEN,Senegal
"1789",14.1199998855591,-13.3299999237061,SEN,Senegal
"1790",14.1199998855591,-13.2299995422363,SEN,Senegal
"1791",14.1199998855591,-13.1300001144409,SEN,Senegal
"1792",14.1199998855591,-13.0299997329712,SEN,Senegal
"1793",14.1199998855591,-12.9300003051758,SEN,Senegal
"1794",14.1199998855591,-12.8299999237061,SEN,Senegal
"1795",14.1199998855591,-12.7299995422363,SEN,Senegal
"1796",14.1199998855591,-12.6300001144409,SEN,Senegal
"1797",14.1199998855591,-12.5299997329712,SEN,Senegal
"1798",14.1199998855591,-12.4300003051758,SEN,Senegal
"1799",14.1199998855591,-12.3299999237061,SEN,Senegal
"1800",14.1199998855591,-12.2299995422363,SEN,Senegal
"1801",14.1199998855591,-12.1300001144409,SEN,Senegal
"1802",14.1199998855591,-12.0299997329712,SEN,Senegal
"1822",14.0200004577637,-16.7299995422363,SEN,Senegal
"1823",14.0200004577637,-16.6299991607666,SEN,Senegal
"1824",14.0200004577637,-16.5300006866455,SEN,Senegal
"1825",14.0200004577637,-16.4300003051758,SEN,Senegal
"1826",14.0200004577637,-16.3299999237061,SEN,Senegal
"1827",14.0200004577637,-16.2299995422363,SEN,Senegal
"1828",14.0200004577637,-16.1299991607666,SEN,Senegal
"1829",14.0200004577637,-16.0300006866455,SEN,Senegal
"1830",14.0200004577637,-15.9300003051758,SEN,Senegal
"1831",14.0200004577637,-15.8299999237061,SEN,Senegal
"1832",14.0200004577637,-15.7299995422363,SEN,Senegal
"1833",14.0200004577637,-15.6300001144409,SEN,Senegal
"1834",14.0200004577637,-15.5299997329712,SEN,Senegal
"1835",14.0200004577637,-15.4300003051758,SEN,Senegal
"1836",14.0200004577637,-15.3299999237061,SEN,Senegal
"1837",14.0200004577637,-15.2299995422363,SEN,Senegal
"1838",14.0200004577637,-15.1300001144409,SEN,Senegal
"1839",14.0200004577637,-15.0299997329712,SEN,Senegal
"1840",14.0200004577637,-14.9300003051758,SEN,Senegal
"1841",14.0200004577637,-14.8299999237061,SEN,Senegal
"1842",14.0200004577637,-14.7299995422363,SEN,Senegal
"1843",14.0200004577637,-14.6300001144409,SEN,Senegal
"1844",14.0200004577637,-14.5299997329712,SEN,Senegal
"1845",14.0200004577637,-14.4300003051758,SEN,Senegal
"1846",14.0200004577637,-14.3299999237061,SEN,Senegal
"1847",14.0200004577637,-14.2299995422363,SEN,Senegal
"1848",14.0200004577637,-14.1300001144409,SEN,Senegal
"1849",14.0200004577637,-14.0299997329712,SEN,Senegal
"1850",14.0200004577637,-13.9300003051758,SEN,Senegal
"1851",14.0200004577637,-13.8299999237061,SEN,Senegal
"1852",14.0200004577637,-13.7299995422363,SEN,Senegal
"1853",14.0200004577637,-13.6300001144409,SEN,Senegal
"1854",14.0200004577637,-13.5299997329712,SEN,Senegal
"1855",14.0200004577637,-13.4300003051758,SEN,Senegal
"1856",14.0200004577637,-13.3299999237061,SEN,Senegal
"1857",14.0200004577637,-13.2299995422363,SEN,Senegal
"1858",14.0200004577637,-13.1300001144409,SEN,Senegal
"1859",14.0200004577637,-13.0299997329712,SEN,Senegal
"1860",14.0200004577637,-12.9300003051758,SEN,Senegal
"1861",14.0200004577637,-12.8299999237061,SEN,Senegal
"1862",14.0200004577637,-12.7299995422363,SEN,Senegal
"1863",14.0200004577637,-12.6300001144409,SEN,Senegal
"1864",14.0200004577637,-12.5299997329712,SEN,Senegal
"1865",14.0200004577637,-12.4300003051758,SEN,Senegal
"1866",14.0200004577637,-12.3299999237061,SEN,Senegal
"1867",14.0200004577637,-12.2299995422363,SEN,Senegal
"1868",14.0200004577637,-12.1300001144409,SEN,Senegal
"1869",14.0200004577637,-12.0299997329712,SEN,Senegal
"1889",13.9200000762939,-16.7299995422363,SEN,Senegal
"1890",13.9200000762939,-16.6299991607666,SEN,Senegal
"1891",13.9200000762939,-16.5300006866455,SEN,Senegal
"1892",13.9200000762939,-16.4300003051758,SEN,Senegal
"1893",13.9200000762939,-16.3299999237061,SEN,Senegal
"1894",13.9200000762939,-16.2299995422363,SEN,Senegal
"1895",13.9200000762939,-16.1299991607666,SEN,Senegal
"1896",13.9200000762939,-16.0300006866455,SEN,Senegal
"1897",13.9200000762939,-15.9300003051758,SEN,Senegal
"1898",13.9200000762939,-15.8299999237061,SEN,Senegal
"1899",13.9200000762939,-15.7299995422363,SEN,Senegal
"1900",13.9200000762939,-15.6300001144409,SEN,Senegal
"1901",13.9200000762939,-15.5299997329712,SEN,Senegal
"1902",13.9200000762939,-15.4300003051758,SEN,Senegal
"1903",13.9200000762939,-15.3299999237061,SEN,Senegal
"1904",13.9200000762939,-15.2299995422363,SEN,Senegal
"1905",13.9200000762939,-15.1300001144409,SEN,Senegal
"1906",13.9200000762939,-15.0299997329712,SEN,Senegal
"1907",13.9200000762939,-14.9300003051758,SEN,Senegal
"1908",13.9200000762939,-14.8299999237061,SEN,Senegal
"1909",13.9200000762939,-14.7299995422363,SEN,Senegal
"1910",13.9200000762939,-14.6300001144409,SEN,Senegal
"1911",13.9200000762939,-14.5299997329712,SEN,Senegal
"1912",13.9200000762939,-14.4300003051758,SEN,Senegal
"1913",13.9200000762939,-14.3299999237061,SEN,Senegal
"1914",13.9200000762939,-14.2299995422363,SEN,Senegal
"1915",13.9200000762939,-14.1300001144409,SEN,Senegal
"1916",13.9200000762939,-14.0299997329712,SEN,Senegal
"1917",13.9200000762939,-13.9300003051758,SEN,Senegal
"1918",13.9200000762939,-13.8299999237061,SEN,Senegal
"1919",13.9200000762939,-13.7299995422363,SEN,Senegal
"1920",13.9200000762939,-13.6300001144409,SEN,Senegal
"1921",13.9200000762939,-13.5299997329712,SEN,Senegal
"1922",13.9200000762939,-13.4300003051758,SEN,Senegal
"1923",13.9200000762939,-13.3299999237061,SEN,Senegal
"1924",13.9200000762939,-13.2299995422363,SEN,Senegal
"1925",13.9200000762939,-13.1300001144409,SEN,Senegal
"1926",13.9200000762939,-13.0299997329712,SEN,Senegal
"1927",13.9200000762939,-12.9300003051758,SEN,Senegal
"1928",13.9200000762939,-12.8299999237061,SEN,Senegal
"1929",13.9200000762939,-12.7299995422363,SEN,Senegal
"1930",13.9200000762939,-12.6300001144409,SEN,Senegal
"1931",13.9200000762939,-12.5299997329712,SEN,Senegal
"1932",13.9200000762939,-12.4300003051758,SEN,Senegal
"1933",13.9200000762939,-12.3299999237061,SEN,Senegal
"1934",13.9200000762939,-12.2299995422363,SEN,Senegal
"1935",13.9200000762939,-12.1300001144409,SEN,Senegal
"1936",13.9200000762939,-12.0299997329712,SEN,Senegal
"1956",13.8199996948242,-16.7299995422363,SEN,Senegal
"1957",13.8199996948242,-16.6299991607666,SEN,Senegal
"1958",13.8199996948242,-16.5300006866455,SEN,Senegal
"1959",13.8199996948242,-16.4300003051758,SEN,Senegal
"1960",13.8199996948242,-16.3299999237061,SEN,Senegal
"1961",13.8199996948242,-16.2299995422363,SEN,Senegal
"1962",13.8199996948242,-16.1299991607666,SEN,Senegal
"1963",13.8199996948242,-16.0300006866455,SEN,Senegal
"1964",13.8199996948242,-15.9300003051758,SEN,Senegal
"1965",13.8199996948242,-15.8299999237061,SEN,Senegal
"1966",13.8199996948242,-15.7299995422363,SEN,Senegal
"1967",13.8199996948242,-15.6300001144409,SEN,Senegal
"1968",13.8199996948242,-15.5299997329712,SEN,Senegal
"1969",13.8199996948242,-15.4300003051758,SEN,Senegal
"1970",13.8199996948242,-15.3299999237061,SEN,Senegal
"1971",13.8199996948242,-15.2299995422363,SEN,Senegal
"1972",13.8199996948242,-15.1300001144409,SEN,Senegal
"1973",13.8199996948242,-15.0299997329712,SEN,Senegal
"1974",13.8199996948242,-14.9300003051758,SEN,Senegal
"1975",13.8199996948242,-14.8299999237061,SEN,Senegal
"1976",13.8199996948242,-14.7299995422363,SEN,Senegal
"1977",13.8199996948242,-14.6300001144409,SEN,Senegal
"1978",13.8199996948242,-14.5299997329712,SEN,Senegal
"1979",13.8199996948242,-14.4300003051758,SEN,Senegal
"1980",13.8199996948242,-14.3299999237061,SEN,Senegal
"1981",13.8199996948242,-14.2299995422363,SEN,Senegal
"1982",13.8199996948242,-14.1300001144409,SEN,Senegal
"1983",13.8199996948242,-14.0299997329712,SEN,Senegal
"1984",13.8199996948242,-13.9300003051758,SEN,Senegal
"1985",13.8199996948242,-13.8299999237061,SEN,Senegal
"1986",13.8199996948242,-13.7299995422363,SEN,Senegal
"1987",13.8199996948242,-13.6300001144409,SEN,Senegal
"1988",13.8199996948242,-13.5299997329712,SEN,Senegal
"1989",13.8199996948242,-13.4300003051758,SEN,Senegal
"1990",13.8199996948242,-13.3299999237061,SEN,Senegal
"1991",13.8199996948242,-13.2299995422363,SEN,Senegal
"1992",13.8199996948242,-13.1300001144409,SEN,Senegal
"1993",13.8199996948242,-13.0299997329712,SEN,Senegal
"1994",13.8199996948242,-12.9300003051758,SEN,Senegal
"1995",13.8199996948242,-12.8299999237061,SEN,Senegal
"1996",13.8199996948242,-12.7299995422363,SEN,Senegal
"1997",13.8199996948242,-12.6300001144409,SEN,Senegal
"1998",13.8199996948242,-12.5299997329712,SEN,Senegal
"1999",13.8199996948242,-12.4300003051758,SEN,Senegal
"2000",13.8199996948242,-12.3299999237061,SEN,Senegal
"2001",13.8199996948242,-12.2299995422363,SEN,Senegal
"2002",13.8199996948242,-12.1300001144409,SEN,Senegal
"2003",13.8199996948242,-12.0299997329712,SEN,Senegal
"2024",13.7200002670288,-16.6299991607666,SEN,Senegal
"2025",13.7200002670288,-16.5300006866455,SEN,Senegal
"2026",13.7200002670288,-16.4300003051758,SEN,Senegal
"2027",13.7200002670288,-16.3299999237061,SEN,Senegal
"2028",13.7200002670288,-16.2299995422363,SEN,Senegal
"2029",13.7200002670288,-16.1299991607666,SEN,Senegal
"2030",13.7200002670288,-16.0300006866455,SEN,Senegal
"2031",13.7200002670288,-15.9300003051758,SEN,Senegal
"2032",13.7200002670288,-15.8299999237061,SEN,Senegal
"2033",13.7200002670288,-15.7299995422363,SEN,Senegal
"2034",13.7200002670288,-15.6300001144409,SEN,Senegal
"2035",13.7200002670288,-15.5299997329712,SEN,Senegal
"2043",13.7200002670288,-14.7299995422363,SEN,Senegal
"2044",13.7200002670288,-14.6300001144409,SEN,Senegal
"2045",13.7200002670288,-14.5299997329712,SEN,Senegal
"2046",13.7200002670288,-14.4300003051758,SEN,Senegal
"2047",13.7200002670288,-14.3299999237061,SEN,Senegal
"2048",13.7200002670288,-14.2299995422363,SEN,Senegal
"2049",13.7200002670288,-14.1300001144409,SEN,Senegal
"2050",13.7200002670288,-14.0299997329712,SEN,Senegal
"2051",13.7200002670288,-13.9300003051758,SEN,Senegal
"2052",13.7200002670288,-13.8299999237061,SEN,Senegal
"2053",13.7200002670288,-13.7299995422363,SEN,Senegal
"2054",13.7200002670288,-13.6300001144409,SEN,Senegal
"2055",13.7200002670288,-13.5299997329712,SEN,Senegal
"2056",13.7200002670288,-13.4300003051758,SEN,Senegal
"2057",13.7200002670288,-13.3299999237061,SEN,Senegal
"2058",13.7200002670288,-13.2299995422363,SEN,Senegal
"2059",13.7200002670288,-13.1300001144409,SEN,Senegal
"2060",13.7200002670288,-13.0299997329712,SEN,Senegal
"2061",13.7200002670288,-12.9300003051758,SEN,Senegal
"2062",13.7200002670288,-12.8299999237061,SEN,Senegal
"2063",13.7200002670288,-12.7299995422363,SEN,Senegal
"2064",13.7200002670288,-12.6300001144409,SEN,Senegal
"2065",13.7200002670288,-12.5299997329712,SEN,Senegal
"2066",13.7200002670288,-12.4300003051758,SEN,Senegal
"2067",13.7200002670288,-12.3299999237061,SEN,Senegal
"2068",13.7200002670288,-12.2299995422363,SEN,Senegal
"2069",13.7200002670288,-12.1300001144409,SEN,Senegal
"2092",13.6199998855591,-16.5300006866455,SEN,Senegal
"2093",13.6199998855591,-16.4300003051758,SEN,Senegal
"2094",13.6199998855591,-16.3299999237061,SEN,Senegal
"2095",13.6199998855591,-16.2299995422363,SEN,Senegal
"2096",13.6199998855591,-16.1299991607666,SEN,Senegal
"2097",13.6199998855591,-16.0300006866455,SEN,Senegal
"2098",13.6199998855591,-15.9300003051758,SEN,Senegal
"2099",13.6199998855591,-15.8299999237061,SEN,Senegal
"2100",13.6199998855591,-15.7299995422363,SEN,Senegal
"2101",13.6199998855591,-15.6300001144409,SEN,Senegal
"2102",13.6199998855591,-15.5299997329712,SEN,Senegal
"2113",13.6199998855591,-14.4300003051758,SEN,Senegal
"2114",13.6199998855591,-14.3299999237061,SEN,Senegal
"2115",13.6199998855591,-14.2299995422363,SEN,Senegal
"2116",13.6199998855591,-14.1300001144409,SEN,Senegal
"2117",13.6199998855591,-14.0299997329712,SEN,Senegal
"2118",13.6199998855591,-13.9300003051758,SEN,Senegal
"2119",13.6199998855591,-13.8299999237061,SEN,Senegal
"2120",13.6199998855591,-13.7299995422363,SEN,Senegal
"2121",13.6199998855591,-13.6300001144409,SEN,Senegal
"2122",13.6199998855591,-13.5299997329712,SEN,Senegal
"2123",13.6199998855591,-13.4300003051758,SEN,Senegal
"2124",13.6199998855591,-13.3299999237061,SEN,Senegal
"2125",13.6199998855591,-13.2299995422363,SEN,Senegal
"2126",13.6199998855591,-13.1300001144409,SEN,Senegal
"2127",13.6199998855591,-13.0299997329712,SEN,Senegal
"2128",13.6199998855591,-12.9300003051758,SEN,Senegal
"2129",13.6199998855591,-12.8299999237061,SEN,Senegal
"2130",13.6199998855591,-12.7299995422363,SEN,Senegal
"2131",13.6199998855591,-12.6300001144409,SEN,Senegal
"2132",13.6199998855591,-12.5299997329712,SEN,Senegal
"2133",13.6199998855591,-12.4300003051758,SEN,Senegal
"2134",13.6199998855591,-12.3299999237061,SEN,Senegal
"2135",13.6199998855591,-12.2299995422363,SEN,Senegal
"2136",13.6199998855591,-12.1300001144409,SEN,Senegal
"2173",13.5200004577637,-15.1300001144409,SEN,Senegal
"2180",13.5200004577637,-14.4300003051758,SEN,Senegal
"2181",13.5200004577637,-14.3299999237061,SEN,Senegal
"2182",13.5200004577637,-14.2299995422363,SEN,Senegal
"2186",13.5200004577637,-13.8299999237061,SEN,Senegal
"2187",13.5200004577637,-13.7299995422363,SEN,Senegal
"2188",13.5200004577637,-13.6300001144409,SEN,Senegal
"2189",13.5200004577637,-13.5299997329712,SEN,Senegal
"2190",13.5200004577637,-13.4300003051758,SEN,Senegal
"2191",13.5200004577637,-13.3299999237061,SEN,Senegal
"2192",13.5200004577637,-13.2299995422363,SEN,Senegal
"2193",13.5200004577637,-13.1300001144409,SEN,Senegal
"2194",13.5200004577637,-13.0299997329712,SEN,Senegal
"2195",13.5200004577637,-12.9300003051758,SEN,Senegal
"2196",13.5200004577637,-12.8299999237061,SEN,Senegal
"2197",13.5200004577637,-12.7299995422363,SEN,Senegal
"2198",13.5200004577637,-12.6300001144409,SEN,Senegal
"2199",13.5200004577637,-12.5299997329712,SEN,Senegal
"2200",13.5200004577637,-12.4300003051758,SEN,Senegal
"2201",13.5200004577637,-12.3299999237061,SEN,Senegal
"2202",13.5200004577637,-12.2299995422363,SEN,Senegal
"2203",13.5200004577637,-12.1300001144409,SEN,Senegal
"2204",13.5200004577637,-12.0299997329712,SEN,Senegal
"2240",13.4200000762939,-15.1300001144409,SEN,Senegal
"2241",13.4200000762939,-15.0299997329712,SEN,Senegal
"2242",13.4200000762939,-14.9300003051758,SEN,Senegal
"2243",13.4200000762939,-14.8299999237061,SEN,Senegal
"2254",13.4200000762939,-13.7299995422363,SEN,Senegal
"2255",13.4200000762939,-13.6300001144409,SEN,Senegal
"2256",13.4200000762939,-13.5299997329712,SEN,Senegal
"2257",13.4200000762939,-13.4300003051758,SEN,Senegal
"2258",13.4200000762939,-13.3299999237061,SEN,Senegal
"2259",13.4200000762939,-13.2299995422363,SEN,Senegal
"2260",13.4200000762939,-13.1300001144409,SEN,Senegal
"2261",13.4200000762939,-13.0299997329712,SEN,Senegal
"2262",13.4200000762939,-12.9300003051758,SEN,Senegal
"2263",13.4200000762939,-12.8299999237061,SEN,Senegal
"2264",13.4200000762939,-12.7299995422363,SEN,Senegal
"2265",13.4200000762939,-12.6300001144409,SEN,Senegal
"2266",13.4200000762939,-12.5299997329712,SEN,Senegal
"2267",13.4200000762939,-12.4300003051758,SEN,Senegal
"2268",13.4200000762939,-12.3299999237061,SEN,Senegal
"2269",13.4200000762939,-12.2299995422363,SEN,Senegal
"2270",13.4200000762939,-12.1300001144409,SEN,Senegal
"2271",13.4200000762939,-12.0299997329712,SEN,Senegal
"2272",13.4200000762939,-11.9300003051758,SEN,Senegal
"2301",13.3199996948242,-15.7299995422363,SEN,Senegal
"2302",13.3199996948242,-15.6300001144409,SEN,Senegal
"2303",13.3199996948242,-15.5299997329712,SEN,Senegal
"2304",13.3199996948242,-15.4300003051758,SEN,Senegal
"2305",13.3199996948242,-15.3299999237061,SEN,Senegal
"2306",13.3199996948242,-15.2299995422363,SEN,Senegal
"2307",13.3199996948242,-15.1300001144409,SEN,Senegal
"2308",13.3199996948242,-15.0299997329712,SEN,Senegal
"2309",13.3199996948242,-14.9300003051758,SEN,Senegal
"2310",13.3199996948242,-14.8299999237061,SEN,Senegal
"2311",13.3199996948242,-14.7299995422363,SEN,Senegal
"2312",13.3199996948242,-14.6300001144409,SEN,Senegal
"2313",13.3199996948242,-14.5299997329712,SEN,Senegal
"2320",13.3199996948242,-13.8299999237061,SEN,Senegal
"2321",13.3199996948242,-13.7299995422363,SEN,Senegal
"2322",13.3199996948242,-13.6300001144409,SEN,Senegal
"2323",13.3199996948242,-13.5299997329712,SEN,Senegal
"2324",13.3199996948242,-13.4300003051758,SEN,Senegal
"2325",13.3199996948242,-13.3299999237061,SEN,Senegal
"2326",13.3199996948242,-13.2299995422363,SEN,Senegal
"2327",13.3199996948242,-13.1300001144409,SEN,Senegal
"2328",13.3199996948242,-13.0299997329712,SEN,Senegal
"2329",13.3199996948242,-12.9300003051758,SEN,Senegal
"2330",13.3199996948242,-12.8299999237061,SEN,Senegal
"2331",13.3199996948242,-12.7299995422363,SEN,Senegal
"2332",13.3199996948242,-12.6300001144409,SEN,Senegal
"2333",13.3199996948242,-12.5299997329712,SEN,Senegal
"2334",13.3199996948242,-12.4300003051758,SEN,Senegal
"2335",13.3199996948242,-12.3299999237061,SEN,Senegal
"2336",13.3199996948242,-12.2299995422363,SEN,Senegal
"2337",13.3199996948242,-12.1300001144409,SEN,Senegal
"2338",13.3199996948242,-12.0299997329712,SEN,Senegal
"2339",13.3199996948242,-11.9300003051758,SEN,Senegal
"2340",13.3199996948242,-11.8299999237061,SEN,Senegal
"2341",13.3199996948242,-11.7299995422363,SEN,Senegal
"2342",13.3199996948242,-11.6300001144409,SEN,Senegal
"2368",13.2200002670288,-15.7299995422363,SEN,Senegal
"2369",13.2200002670288,-15.6300001144409,SEN,Senegal
"2370",13.2200002670288,-15.5299997329712,SEN,Senegal
"2371",13.2200002670288,-15.4300003051758,SEN,Senegal
"2372",13.2200002670288,-15.3299999237061,SEN,Senegal
"2373",13.2200002670288,-15.2299995422363,SEN,Senegal
"2374",13.2200002670288,-15.1300001144409,SEN,Senegal
"2375",13.2200002670288,-15.0299997329712,SEN,Senegal
"2376",13.2200002670288,-14.9300003051758,SEN,Senegal
"2377",13.2200002670288,-14.8299999237061,SEN,Senegal
"2378",13.2200002670288,-14.7299995422363,SEN,Senegal
"2379",13.2200002670288,-14.6300001144409,SEN,Senegal
"2380",13.2200002670288,-14.5299997329712,SEN,Senegal
"2381",13.2200002670288,-14.4300003051758,SEN,Senegal
"2382",13.2200002670288,-14.3299999237061,SEN,Senegal
"2384",13.2200002670288,-14.1300001144409,SEN,Senegal
"2385",13.2200002670288,-14.0299997329712,SEN,Senegal
"2386",13.2200002670288,-13.9300003051758,SEN,Senegal
"2387",13.2200002670288,-13.8299999237061,SEN,Senegal
"2388",13.2200002670288,-13.7299995422363,SEN,Senegal
"2389",13.2200002670288,-13.6300001144409,SEN,Senegal
"2390",13.2200002670288,-13.5299997329712,SEN,Senegal
"2391",13.2200002670288,-13.4300003051758,SEN,Senegal
"2392",13.2200002670288,-13.3299999237061,SEN,Senegal
"2393",13.2200002670288,-13.2299995422363,SEN,Senegal
"2394",13.2200002670288,-13.1300001144409,SEN,Senegal
"2395",13.2200002670288,-13.0299997329712,SEN,Senegal
"2396",13.2200002670288,-12.9300003051758,SEN,Senegal
"2397",13.2200002670288,-12.8299999237061,SEN,Senegal
"2398",13.2200002670288,-12.7299995422363,SEN,Senegal
"2399",13.2200002670288,-12.6300001144409,SEN,Senegal
"2400",13.2200002670288,-12.5299997329712,SEN,Senegal
"2401",13.2200002670288,-12.4300003051758,SEN,Senegal
"2402",13.2200002670288,-12.3299999237061,SEN,Senegal
"2403",13.2200002670288,-12.2299995422363,SEN,Senegal
"2404",13.2200002670288,-12.1300001144409,SEN,Senegal
"2405",13.2200002670288,-12.0299997329712,SEN,Senegal
"2406",13.2200002670288,-11.9300003051758,SEN,Senegal
"2407",13.2200002670288,-11.8299999237061,SEN,Senegal
"2408",13.2200002670288,-11.7299995422363,SEN,Senegal
"2409",13.2200002670288,-11.6300001144409,SEN,Senegal
"2426",13.1199998855591,-16.6299991607666,SEN,Senegal
"2427",13.1199998855591,-16.5300006866455,SEN,Senegal
"2428",13.1199998855591,-16.4300003051758,SEN,Senegal
"2429",13.1199998855591,-16.3299999237061,SEN,Senegal
"2430",13.1199998855591,-16.2299995422363,SEN,Senegal
"2431",13.1199998855591,-16.1299991607666,SEN,Senegal
"2432",13.1199998855591,-16.0300006866455,SEN,Senegal
"2433",13.1199998855591,-15.9300003051758,SEN,Senegal
"2434",13.1199998855591,-15.8299999237061,SEN,Senegal
"2435",13.1199998855591,-15.7299995422363,SEN,Senegal
"2436",13.1199998855591,-15.6300001144409,SEN,Senegal
"2437",13.1199998855591,-15.5299997329712,SEN,Senegal
"2438",13.1199998855591,-15.4300003051758,SEN,Senegal
"2439",13.1199998855591,-15.3299999237061,SEN,Senegal
"2440",13.1199998855591,-15.2299995422363,SEN,Senegal
"2441",13.1199998855591,-15.1300001144409,SEN,Senegal
"2442",13.1199998855591,-15.0299997329712,SEN,Senegal
"2443",13.1199998855591,-14.9300003051758,SEN,Senegal
"2444",13.1199998855591,-14.8299999237061,SEN,Senegal
"2445",13.1199998855591,-14.7299995422363,SEN,Senegal
"2446",13.1199998855591,-14.6300001144409,SEN,Senegal
"2447",13.1199998855591,-14.5299997329712,SEN,Senegal
"2448",13.1199998855591,-14.4300003051758,SEN,Senegal
"2449",13.1199998855591,-14.3299999237061,SEN,Senegal
"2450",13.1199998855591,-14.2299995422363,SEN,Senegal
"2451",13.1199998855591,-14.1300001144409,SEN,Senegal
"2452",13.1199998855591,-14.0299997329712,SEN,Senegal
"2453",13.1199998855591,-13.9300003051758,SEN,Senegal
"2454",13.1199998855591,-13.8299999237061,SEN,Senegal
"2455",13.1199998855591,-13.7299995422363,SEN,Senegal
"2456",13.1199998855591,-13.6300001144409,SEN,Senegal
"2457",13.1199998855591,-13.5299997329712,SEN,Senegal
"2458",13.1199998855591,-13.4300003051758,SEN,Senegal
"2459",13.1199998855591,-13.3299999237061,SEN,Senegal
"2460",13.1199998855591,-13.2299995422363,SEN,Senegal
"2461",13.1199998855591,-13.1300001144409,SEN,Senegal
"2462",13.1199998855591,-13.0299997329712,SEN,Senegal
"2463",13.1199998855591,-12.9300003051758,SEN,Senegal
"2464",13.1199998855591,-12.8299999237061,SEN,Senegal
"2465",13.1199998855591,-12.7299995422363,SEN,Senegal
"2466",13.1199998855591,-12.6300001144409,SEN,Senegal
"2467",13.1199998855591,-12.5299997329712,SEN,Senegal
"2468",13.1199998855591,-12.4300003051758,SEN,Senegal
"2469",13.1199998855591,-12.3299999237061,SEN,Senegal
"2470",13.1199998855591,-12.2299995422363,SEN,Senegal
"2471",13.1199998855591,-12.1300001144409,SEN,Senegal
"2472",13.1199998855591,-12.0299997329712,SEN,Senegal
"2473",13.1199998855591,-11.9300003051758,SEN,Senegal
"2474",13.1199998855591,-11.8299999237061,SEN,Senegal
"2475",13.1199998855591,-11.7299995422363,SEN,Senegal
"2476",13.1199998855591,-11.6300001144409,SEN,Senegal
"2477",13.1199998855591,-11.5299997329712,SEN,Senegal
"2492",13.0200004577637,-16.7299995422363,SEN,Senegal
"2493",13.0200004577637,-16.6299991607666,SEN,Senegal
"2494",13.0200004577637,-16.5300006866455,SEN,Senegal
"2495",13.0200004577637,-16.4300003051758,SEN,Senegal
"2496",13.0200004577637,-16.3299999237061,SEN,Senegal
"2497",13.0200004577637,-16.2299995422363,SEN,Senegal
"2498",13.0200004577637,-16.1299991607666,SEN,Senegal
"2499",13.0200004577637,-16.0300006866455,SEN,Senegal
"2500",13.0200004577637,-15.9300003051758,SEN,Senegal
"2501",13.0200004577637,-15.8299999237061,SEN,Senegal
"2502",13.0200004577637,-15.7299995422363,SEN,Senegal
"2503",13.0200004577637,-15.6300001144409,SEN,Senegal
"2504",13.0200004577637,-15.5299997329712,SEN,Senegal
"2505",13.0200004577637,-15.4300003051758,SEN,Senegal
"2506",13.0200004577637,-15.3299999237061,SEN,Senegal
"2507",13.0200004577637,-15.2299995422363,SEN,Senegal
"2508",13.0200004577637,-15.1300001144409,SEN,Senegal
"2509",13.0200004577637,-15.0299997329712,SEN,Senegal
"2510",13.0200004577637,-14.9300003051758,SEN,Senegal
"2511",13.0200004577637,-14.8299999237061,SEN,Senegal
"2512",13.0200004577637,-14.7299995422363,SEN,Senegal
"2513",13.0200004577637,-14.6300001144409,SEN,Senegal
"2514",13.0200004577637,-14.5299997329712,SEN,Senegal
"2515",13.0200004577637,-14.4300003051758,SEN,Senegal
"2516",13.0200004577637,-14.3299999237061,SEN,Senegal
"2517",13.0200004577637,-14.2299995422363,SEN,Senegal
"2518",13.0200004577637,-14.1300001144409,SEN,Senegal
"2519",13.0200004577637,-14.0299997329712,SEN,Senegal
"2520",13.0200004577637,-13.9300003051758,SEN,Senegal
"2521",13.0200004577637,-13.8299999237061,SEN,Senegal
"2522",13.0200004577637,-13.7299995422363,SEN,Senegal
"2523",13.0200004577637,-13.6300001144409,SEN,Senegal
"2524",13.0200004577637,-13.5299997329712,SEN,Senegal
"2525",13.0200004577637,-13.4300003051758,SEN,Senegal
"2526",13.0200004577637,-13.3299999237061,SEN,Senegal
"2527",13.0200004577637,-13.2299995422363,SEN,Senegal
"2528",13.0200004577637,-13.1300001144409,SEN,Senegal
"2529",13.0200004577637,-13.0299997329712,SEN,Senegal
"2530",13.0200004577637,-12.9300003051758,SEN,Senegal
"2531",13.0200004577637,-12.8299999237061,SEN,Senegal
"2532",13.0200004577637,-12.7299995422363,SEN,Senegal
"2533",13.0200004577637,-12.6300001144409,SEN,Senegal
"2534",13.0200004577637,-12.5299997329712,SEN,Senegal
"2535",13.0200004577637,-12.4300003051758,SEN,Senegal
"2536",13.0200004577637,-12.3299999237061,SEN,Senegal
"2537",13.0200004577637,-12.2299995422363,SEN,Senegal
"2538",13.0200004577637,-12.1300001144409,SEN,Senegal
"2539",13.0200004577637,-12.0299997329712,SEN,Senegal
"2540",13.0200004577637,-11.9300003051758,SEN,Senegal
"2541",13.0200004577637,-11.8299999237061,SEN,Senegal
"2542",13.0200004577637,-11.7299995422363,SEN,Senegal
"2543",13.0200004577637,-11.6300001144409,SEN,Senegal
"2544",13.0200004577637,-11.5299997329712,SEN,Senegal
"2545",13.0200004577637,-11.4300003051758,SEN,Senegal
"2559",12.9200000762939,-16.7299995422363,SEN,Senegal
"2560",12.9200000762939,-16.6299991607666,SEN,Senegal
"2561",12.9200000762939,-16.5300006866455,SEN,Senegal
"2562",12.9200000762939,-16.4300003051758,SEN,Senegal
"2563",12.9200000762939,-16.3299999237061,SEN,Senegal
"2564",12.9200000762939,-16.2299995422363,SEN,Senegal
"2565",12.9200000762939,-16.1299991607666,SEN,Senegal
"2566",12.9200000762939,-16.0300006866455,SEN,Senegal
"2567",12.9200000762939,-15.9300003051758,SEN,Senegal
"2568",12.9200000762939,-15.8299999237061,SEN,Senegal
"2569",12.9200000762939,-15.7299995422363,SEN,Senegal
"2570",12.9200000762939,-15.6300001144409,SEN,Senegal
"2571",12.9200000762939,-15.5299997329712,SEN,Senegal
"2572",12.9200000762939,-15.4300003051758,SEN,Senegal
"2573",12.9200000762939,-15.3299999237061,SEN,Senegal
"2574",12.9200000762939,-15.2299995422363,SEN,Senegal
"2575",12.9200000762939,-15.1300001144409,SEN,Senegal
"2576",12.9200000762939,-15.0299997329712,SEN,Senegal
"2577",12.9200000762939,-14.9300003051758,SEN,Senegal
"2578",12.9200000762939,-14.8299999237061,SEN,Senegal
"2579",12.9200000762939,-14.7299995422363,SEN,Senegal
"2580",12.9200000762939,-14.6300001144409,SEN,Senegal
"2581",12.9200000762939,-14.5299997329712,SEN,Senegal
"2582",12.9200000762939,-14.4300003051758,SEN,Senegal
"2583",12.9200000762939,-14.3299999237061,SEN,Senegal
"2584",12.9200000762939,-14.2299995422363,SEN,Senegal
"2585",12.9200000762939,-14.1300001144409,SEN,Senegal
"2586",12.9200000762939,-14.0299997329712,SEN,Senegal
"2587",12.9200000762939,-13.9300003051758,SEN,Senegal
"2588",12.9200000762939,-13.8299999237061,SEN,Senegal
"2589",12.9200000762939,-13.7299995422363,SEN,Senegal
"2590",12.9200000762939,-13.6300001144409,SEN,Senegal
"2591",12.9200000762939,-13.5299997329712,SEN,Senegal
"2592",12.9200000762939,-13.4300003051758,SEN,Senegal
"2593",12.9200000762939,-13.3299999237061,SEN,Senegal
"2594",12.9200000762939,-13.2299995422363,SEN,Senegal
"2595",12.9200000762939,-13.1300001144409,SEN,Senegal
"2596",12.9200000762939,-13.0299997329712,SEN,Senegal
"2597",12.9200000762939,-12.9300003051758,SEN,Senegal
"2598",12.9200000762939,-12.8299999237061,SEN,Senegal
"2599",12.9200000762939,-12.7299995422363,SEN,Senegal
"2600",12.9200000762939,-12.6300001144409,SEN,Senegal
"2601",12.9200000762939,-12.5299997329712,SEN,Senegal
"2602",12.9200000762939,-12.4300003051758,SEN,Senegal
"2603",12.9200000762939,-12.3299999237061,SEN,Senegal
"2604",12.9200000762939,-12.2299995422363,SEN,Senegal
"2605",12.9200000762939,-12.1300001144409,SEN,Senegal
"2606",12.9200000762939,-12.0299997329712,SEN,Senegal
"2607",12.9200000762939,-11.9300003051758,SEN,Senegal
"2608",12.9200000762939,-11.8299999237061,SEN,Senegal
"2609",12.9200000762939,-11.7299995422363,SEN,Senegal
"2610",12.9200000762939,-11.6300001144409,SEN,Senegal
"2611",12.9200000762939,-11.5299997329712,SEN,Senegal
"2612",12.9200000762939,-11.4300003051758,SEN,Senegal
"2626",12.8199996948242,-16.7299995422363,SEN,Senegal
"2627",12.8199996948242,-16.6299991607666,SEN,Senegal
"2628",12.8199996948242,-16.5300006866455,SEN,Senegal
"2629",12.8199996948242,-16.4300003051758,SEN,Senegal
"2630",12.8199996948242,-16.3299999237061,SEN,Senegal
"2631",12.8199996948242,-16.2299995422363,SEN,Senegal
"2632",12.8199996948242,-16.1299991607666,SEN,Senegal
"2633",12.8199996948242,-16.0300006866455,SEN,Senegal
"2634",12.8199996948242,-15.9300003051758,SEN,Senegal
"2635",12.8199996948242,-15.8299999237061,SEN,Senegal
"2636",12.8199996948242,-15.7299995422363,SEN,Senegal
"2637",12.8199996948242,-15.6300001144409,SEN,Senegal
"2638",12.8199996948242,-15.5299997329712,SEN,Senegal
"2639",12.8199996948242,-15.4300003051758,SEN,Senegal
"2640",12.8199996948242,-15.3299999237061,SEN,Senegal
"2641",12.8199996948242,-15.2299995422363,SEN,Senegal
"2642",12.8199996948242,-15.1300001144409,SEN,Senegal
"2643",12.8199996948242,-15.0299997329712,SEN,Senegal
"2644",12.8199996948242,-14.9300003051758,SEN,Senegal
"2645",12.8199996948242,-14.8299999237061,SEN,Senegal
"2646",12.8199996948242,-14.7299995422363,SEN,Senegal
"2647",12.8199996948242,-14.6300001144409,SEN,Senegal
"2648",12.8199996948242,-14.5299997329712,SEN,Senegal
"2649",12.8199996948242,-14.4300003051758,SEN,Senegal
"2650",12.8199996948242,-14.3299999237061,SEN,Senegal
"2651",12.8199996948242,-14.2299995422363,SEN,Senegal
"2652",12.8199996948242,-14.1300001144409,SEN,Senegal
"2653",12.8199996948242,-14.0299997329712,SEN,Senegal
"2654",12.8199996948242,-13.9300003051758,SEN,Senegal
"2655",12.8199996948242,-13.8299999237061,SEN,Senegal
"2656",12.8199996948242,-13.7299995422363,SEN,Senegal
"2657",12.8199996948242,-13.6300001144409,SEN,Senegal
"2658",12.8199996948242,-13.5299997329712,SEN,Senegal
"2659",12.8199996948242,-13.4300003051758,SEN,Senegal
"2660",12.8199996948242,-13.3299999237061,SEN,Senegal
"2661",12.8199996948242,-13.2299995422363,SEN,Senegal
"2662",12.8199996948242,-13.1300001144409,SEN,Senegal
"2663",12.8199996948242,-13.0299997329712,SEN,Senegal
"2664",12.8199996948242,-12.9300003051758,SEN,Senegal
"2665",12.8199996948242,-12.8299999237061,SEN,Senegal
"2666",12.8199996948242,-12.7299995422363,SEN,Senegal
"2667",12.8199996948242,-12.6300001144409,SEN,Senegal
"2668",12.8199996948242,-12.5299997329712,SEN,Senegal
"2669",12.8199996948242,-12.4300003051758,SEN,Senegal
"2670",12.8199996948242,-12.3299999237061,SEN,Senegal
"2671",12.8199996948242,-12.2299995422363,SEN,Senegal
"2672",12.8199996948242,-12.1300001144409,SEN,Senegal
"2673",12.8199996948242,-12.0299997329712,SEN,Senegal
"2674",12.8199996948242,-11.9300003051758,SEN,Senegal
"2675",12.8199996948242,-11.8299999237061,SEN,Senegal
"2676",12.8199996948242,-11.7299995422363,SEN,Senegal
"2677",12.8199996948242,-11.6300001144409,SEN,Senegal
"2678",12.8199996948242,-11.5299997329712,SEN,Senegal
"2679",12.8199996948242,-11.4300003051758,SEN,Senegal
"2693",12.7200002670288,-16.7299995422363,SEN,Senegal
"2694",12.7200002670288,-16.6299991607666,SEN,Senegal
"2695",12.7200002670288,-16.5300006866455,SEN,Senegal
"2696",12.7200002670288,-16.4300003051758,SEN,Senegal
"2697",12.7200002670288,-16.3299999237061,SEN,Senegal
"2698",12.7200002670288,-16.2299995422363,SEN,Senegal
"2699",12.7200002670288,-16.1299991607666,SEN,Senegal
"2700",12.7200002670288,-16.0300006866455,SEN,Senegal
"2701",12.7200002670288,-15.9300003051758,SEN,Senegal
"2702",12.7200002670288,-15.8299999237061,SEN,Senegal
"2703",12.7200002670288,-15.7299995422363,SEN,Senegal
"2704",12.7200002670288,-15.6300001144409,SEN,Senegal
"2705",12.7200002670288,-15.5299997329712,SEN,Senegal
"2706",12.7200002670288,-15.4300003051758,SEN,Senegal
"2707",12.7200002670288,-15.3299999237061,SEN,Senegal
"2708",12.7200002670288,-15.2299995422363,SEN,Senegal
"2709",12.7200002670288,-15.1300001144409,SEN,Senegal
"2710",12.7200002670288,-15.0299997329712,SEN,Senegal
"2711",12.7200002670288,-14.9300003051758,SEN,Senegal
"2712",12.7200002670288,-14.8299999237061,SEN,Senegal
"2713",12.7200002670288,-14.7299995422363,SEN,Senegal
"2714",12.7200002670288,-14.6300001144409,SEN,Senegal
"2715",12.7200002670288,-14.5299997329712,SEN,Senegal
"2716",12.7200002670288,-14.4300003051758,SEN,Senegal
"2717",12.7200002670288,-14.3299999237061,SEN,Senegal
"2718",12.7200002670288,-14.2299995422363,SEN,Senegal
"2719",12.7200002670288,-14.1300001144409,SEN,Senegal
"2720",12.7200002670288,-14.0299997329712,SEN,Senegal
"2721",12.7200002670288,-13.9300003051758,SEN,Senegal
"2722",12.7200002670288,-13.8299999237061,SEN,Senegal
"2723",12.7200002670288,-13.7299995422363,SEN,Senegal
"2724",12.7200002670288,-13.6300001144409,SEN,Senegal
"2725",12.7200002670288,-13.5299997329712,SEN,Senegal
"2726",12.7200002670288,-13.4300003051758,SEN,Senegal
"2727",12.7200002670288,-13.3299999237061,SEN,Senegal
"2728",12.7200002670288,-13.2299995422363,SEN,Senegal
"2729",12.7200002670288,-13.1300001144409,SEN,Senegal
"2730",12.7200002670288,-13.0299997329712,SEN,Senegal
"2731",12.7200002670288,-12.9300003051758,SEN,Senegal
"2732",12.7200002670288,-12.8299999237061,SEN,Senegal
"2733",12.7200002670288,-12.7299995422363,SEN,Senegal
"2734",12.7200002670288,-12.6300001144409,SEN,Senegal
"2735",12.7200002670288,-12.5299997329712,SEN,Senegal
"2736",12.7200002670288,-12.4300003051758,SEN,Senegal
"2737",12.7200002670288,-12.3299999237061,SEN,Senegal
"2738",12.7200002670288,-12.2299995422363,SEN,Senegal
"2739",12.7200002670288,-12.1300001144409,SEN,Senegal
"2740",12.7200002670288,-12.0299997329712,SEN,Senegal
"2741",12.7200002670288,-11.9300003051758,SEN,Senegal
"2742",12.7200002670288,-11.8299999237061,SEN,Senegal
"2743",12.7200002670288,-11.7299995422363,SEN,Senegal
"2744",12.7200002670288,-11.6300001144409,SEN,Senegal
"2745",12.7200002670288,-11.5299997329712,SEN,Senegal
"2746",12.7200002670288,-11.4300003051758,SEN,Senegal
"2760",12.6199998855591,-16.7299995422363,SEN,Senegal
"2761",12.6199998855591,-16.6299991607666,SEN,Senegal
"2762",12.6199998855591,-16.5300006866455,SEN,Senegal
"2763",12.6199998855591,-16.4300003051758,SEN,Senegal
"2764",12.6199998855591,-16.3299999237061,SEN,Senegal
"2765",12.6199998855591,-16.2299995422363,SEN,Senegal
"2766",12.6199998855591,-16.1299991607666,SEN,Senegal
"2767",12.6199998855591,-16.0300006866455,SEN,Senegal
"2768",12.6199998855591,-15.9300003051758,SEN,Senegal
"2769",12.6199998855591,-15.8299999237061,SEN,Senegal
"2770",12.6199998855591,-15.7299995422363,SEN,Senegal
"2771",12.6199998855591,-15.6300001144409,SEN,Senegal
"2772",12.6199998855591,-15.5299997329712,SEN,Senegal
"2773",12.6199998855591,-15.4300003051758,SEN,Senegal
"2774",12.6199998855591,-15.3299999237061,SEN,Senegal
"2797",12.6199998855591,-13.0299997329712,SEN,Senegal
"2798",12.6199998855591,-12.9300003051758,SEN,Senegal
"2799",12.6199998855591,-12.8299999237061,SEN,Senegal
"2800",12.6199998855591,-12.7299995422363,SEN,Senegal
"2801",12.6199998855591,-12.6300001144409,SEN,Senegal
"2802",12.6199998855591,-12.5299997329712,SEN,Senegal
"2803",12.6199998855591,-12.4300003051758,SEN,Senegal
"2804",12.6199998855591,-12.3299999237061,SEN,Senegal
"2805",12.6199998855591,-12.2299995422363,SEN,Senegal
"2806",12.6199998855591,-12.1300001144409,SEN,Senegal
"2807",12.6199998855591,-12.0299997329712,SEN,Senegal
"2808",12.6199998855591,-11.9300003051758,SEN,Senegal
"2809",12.6199998855591,-11.8299999237061,SEN,Senegal
"2810",12.6199998855591,-11.7299995422363,SEN,Senegal
"2811",12.6199998855591,-11.6300001144409,SEN,Senegal
"2812",12.6199998855591,-11.5299997329712,SEN,Senegal
"2813",12.6199998855591,-11.4300003051758,SEN,Senegal
"2827",12.5200004577637,-16.7299995422363,SEN,Senegal
"2828",12.5200004577637,-16.6299991607666,SEN,Senegal
"2829",12.5200004577637,-16.5300006866455,SEN,Senegal
"2830",12.5200004577637,-16.4300003051758,SEN,Senegal
"2831",12.5200004577637,-16.3299999237061,SEN,Senegal
"2832",12.5200004577637,-16.2299995422363,SEN,Senegal
"2833",12.5200004577637,-16.1299991607666,SEN,Senegal
"2834",12.5200004577637,-16.0300006866455,SEN,Senegal
"2835",12.5200004577637,-15.9300003051758,SEN,Senegal
"2836",12.5200004577637,-15.8299999237061,SEN,Senegal
"2837",12.5200004577637,-15.7299995422363,SEN,Senegal
"2838",12.5200004577637,-15.6300001144409,SEN,Senegal
"2839",12.5200004577637,-15.5299997329712,SEN,Senegal
"2864",12.5200004577637,-13.0299997329712,SEN,Senegal
"2866",12.5200004577637,-12.8299999237061,SEN,Senegal
"2867",12.5200004577637,-12.7299995422363,SEN,Senegal
"2868",12.5200004577637,-12.6300001144409,SEN,Senegal
"2869",12.5200004577637,-12.5299997329712,SEN,Senegal
"2870",12.5200004577637,-12.4300003051758,SEN,Senegal
"2871",12.5200004577637,-12.3299999237061,SEN,Senegal
"2872",12.5200004577637,-12.2299995422363,SEN,Senegal
"2873",12.5200004577637,-12.1300001144409,SEN,Senegal
"2874",12.5200004577637,-12.0299997329712,SEN,Senegal
"2875",12.5200004577637,-11.9300003051758,SEN,Senegal
"2876",12.5200004577637,-11.8299999237061,SEN,Senegal
"2877",12.5200004577637,-11.7299995422363,SEN,Senegal
"2878",12.5200004577637,-11.6300001144409,SEN,Senegal
"2879",12.5200004577637,-11.5299997329712,SEN,Senegal
"2880",12.5200004577637,-11.4300003051758,SEN,Senegal
"2894",12.4200000762939,-16.7299995422363,SEN,Senegal
"2895",12.4200000762939,-16.6299991607666,SEN,Senegal
"2896",12.4200000762939,-16.5300006866455,SEN,Senegal
"2897",12.4200000762939,-16.4300003051758,SEN,Senegal
"2898",12.4200000762939,-16.3299999237061,SEN,Senegal
"2936",12.4200000762939,-12.5299997329712,SEN,Senegal
"2937",12.4200000762939,-12.4300003051758,SEN,Senegal
"2938",12.4200000762939,-12.3299999237061,SEN,Senegal
"2939",12.4200000762939,-12.2299995422363,SEN,Senegal
"2940",12.4200000762939,-12.1300001144409,SEN,Senegal
"2941",12.4200000762939,-12.0299997329712,SEN,Senegal
"2943",12.4200000762939,-11.8299999237061,SEN,Senegal
"2944",12.4200000762939,-11.7299995422363,SEN,Senegal
"3005",12.3199996948242,-12.3299999237061,SEN,Senegal
