adm1_name,adm2_name,datetime,population,phase_class,phase1,phase2,phase3,phase4,phase5,phase35
Kolda,Velingara,2014-01-01,289381.0,2.0,208354.0,57876.0,23150.0,0.0,0.0,23150.0
Kolda,Kolda,2014-01-01,249271.0,2.0,184461.0,47361.0,17449.0,0.0,0.0,17449.0
Kolda,Medina Yoro Foulah,2014-01-01,134688.0,2.0,106404.0,21550.0,6734.0,0.0,0.0,6734.0
Louga,Louga,2014-01-01,387594.0,3.0,135658.0,174417.0,62015.0,15504.0,0.0,77519.0
Louga,Linguere,2014-01-01,258325.0,2.0,206660.0,36166.0,15500.0,0.0,0.0,15500.0
Louga,Kebemer,2014-01-01,292367.0,2.0,233894.0,43855.0,14618.0,0.0,0.0,14618.0
Saint Louis,Dagana,2014-01-01,266285.0,1.0,234331.0,31954.0,0.0,0.0,0.0,0.0
Saint Louis,Podor,2014-01-01,422798.0,2.0,334010.0,71876.0,16912.0,0.0,0.0,16912.0
Saint Louis,Saint Louis,2014-01-01,301287.0,1.0,262120.0,39167.0,0.0,0.0,0.0,0.0
Matam,Ranerou,2014-01-01,60924.0,3.0,30462.0,15840.0,12185.0,2437.0,0.0,14622.0
Matam,Matam,2014-01-01,300355.0,2.0,105124.0,150178.0,45053.0,0.0,0.0,45053.0
Matam,Kanel,2014-01-01,233842.0,3.0,137967.0,49107.0,35076.0,11692.0,0.0,46768.0
Kedougou,Kedougou,2014-01-01,79532.0,2.0,45333.0,26246.0,7953.0,0.0,0.0,7953.0
Kedougou,Saraya,2014-01-01,42582.0,2.0,32362.0,8942.0,1277.0,0.0,0.0,1277.0
Kedougou,Salemata,2014-01-01,22914.0,3.0,12603.0,4125.0,4583.0,1604.0,0.0,6187.0
Dakar,Rufisque,2014-01-01,358669.0,1.0,322802.0,35867.0,0.0,0.0,0.0,0.0
Kaffrine,Kaffrine,2014-01-01,221120.0,1.0,185741.0,30957.0,4422.0,0.0,0.0,4422.0
Kaffrine,Malem Hodar,2014-01-01,102751.0,1.0,83228.0,16440.0,3083.0,0.0,0.0,3083.0
Kaffrine,Birkelane,2014-01-01,118703.0,1.0,98523.0,17805.0,2374.0,0.0,0.0,2374.0
Kaffrine,Koungheul,2014-01-01,179185.0,1.0,148724.0,26878.0,3584.0,0.0,0.0,3584.0
Kaolack,Kaolack,2014-01-01,445706.0,1.0,361022.0,71313.0,13371.0,0.0,0.0,13371.0
Kaolack,Nioro Du Rip,2014-01-01,324952.0,1.0,297331.0,25996.0,1625.0,0.0,0.0,1625.0
Kaolack,Guinguineo,2014-01-01,116097.0,1.0,102165.0,11610.0,2322.0,0.0,0.0,2322.0
Fatick,Fatick,2014-01-01,391122.0,2.0,273785.0,109514.0,7431.0,391.0,0.0,7822.0
Fatick,Gossas,2014-01-01,122930.0,1.0,105105.0,14752.0,2459.0,615.0,0.0,3073.0
Fatick,Foundiougne,2014-01-01,324882.0,2.0,162441.0,153344.0,8122.0,975.0,0.0,9097.0
Diourbel,Diourbel,2014-01-01,304132.0,2.0,197686.0,98539.0,7603.0,304.0,0.0,7907.0
Diourbel,Bambey,2014-01-01,353351.0,2.0,158301.0,176676.0,17668.0,707.0,0.0,18374.0
Diourbel,Mbacke,2014-01-01,864041.0,2.0,678272.0,172808.0,12961.0,0.0,0.0,12961.0
Tambacounda,Bakel,2014-01-01,162408.0,2.0,120182.0,34106.0,8120.0,0.0,0.0,8120.0
Tambacounda,Goudiry,2014-01-01,105756.0,2.0,37015.0,50763.0,15863.0,2115.0,0.0,17979.0
Tambacounda,Koumpentoum,2014-01-01,161286.0,1.0,130642.0,24193.0,6451.0,0.0,0.0,6451.0
Tambacounda,Tambacounda,2014-01-01,297333.0,2.0,89200.0,160560.0,44600.0,2973.0,0.0,47573.0
Thies,Mbour,2014-01-01,655606.0,1.0,557265.0,91785.0,6556.0,0.0,0.0,6556.0
Thies,Thies,2014-01-01,669764.0,1.0,555904.0,100465.0,13395.0,0.0,0.0,13395.0
Thies,Tivaouane,2014-01-01,514031.0,2.0,359822.0,128508.0,25702.0,0.0,0.0,25702.0
Ziguinchor,Bignona,2014-01-01,351693.0,2.0,211016.0,105508.0,31652.0,3517.0,0.0,35169.0
Ziguinchor,Oussouye,2014-01-01,71616.0,2.0,46550.0,20052.0,5013.0,0.0,0.0,5013.0
Ziguinchor,Ziguinchor,2014-01-01,364537.0,2.0,251531.0,91134.0,21872.0,0.0,0.0,21872.0
Sedhiou,Bounkiling,2014-01-01,124176.0,2.0,73264.0,38495.0,12418.0,0.0,0.0,12418.0
Sedhiou,Goudomp,2014-01-01,170119.0,2.0,91864.0,61243.0,15311.0,1701.0,0.0,17012.0
Sedhiou,Sedhiou,2014-01-01,186481.0,2.0,113753.0,55944.0,16783.0,0.0,0.0,16783.0
Tambacounda,Bakel,2015-01-01,138867.0,2.0,48603.0,73600.0,16664.0,0.0,0.0,16664.0
Diourbel,Bambey,2015-01-01,301716.0,2.0,196115.0,90515.0,15086.0,0.0,0.0,15086.0
Ziguinchor,Bignona,2015-01-01,252556.0,2.0,189417.0,42935.0,20204.0,0.0,0.0,20204.0
Kaffrine,Birkelane,2015-01-01,111216.0,1.0,94534.0,11122.0,5561.0,0.0,0.0,5561.0
Sedhiou,Bounkiling,2015-01-01,145569.0,1.0,120822.0,17468.0,7278.0,0.0,0.0,7278.0
Saint Louis,Dagana,2015-01-01,242704.0,1.0,206298.0,24270.0,12135.0,0.0,0.0,12135.0
Diourbel,Diourbel,2015-01-01,268314.0,2.0,187820.0,67078.0,13416.0,0.0,0.0,13416.0
Fatick,Fatick,2015-01-01,338816.0,2.0,213454.0,101645.0,23717.0,0.0,0.0,23717.0
Fatick,Foundiougne,2015-01-01,279952.0,2.0,209964.0,55990.0,13998.0,0.0,0.0,13998.0
Fatick,Gossas,2015-01-01,95624.0,2.0,66937.0,23906.0,4781.0,0.0,0.0,4781.0
Tambacounda,Goudiry,2015-01-01,114846.0,2.0,31008.0,66611.0,17227.0,0.0,0.0,17227.0
Sedhiou,Goudomp,2015-01-01,156097.0,2.0,106146.0,31219.0,18732.0,0.0,0.0,18732.0
Kaolack,Guinguineo,2015-01-01,115183.0,1.0,93298.0,14974.0,6911.0,0.0,0.0,6911.0
Kaffrine,Kaffrine,2015-01-01,207676.0,1.0,174448.0,26998.0,6230.0,0.0,0.0,6230.0
Matam,Kanel,2015-01-01,239200.0,2.0,145912.0,59800.0,33488.0,0.0,0.0,33488.0
Kaolack,Kaolack,2015-01-01,488765.0,2.0,376349.0,97753.0,14663.0,0.0,0.0,14663.0
Louga,Kebemer,2015-01-01,259430.0,2.0,168630.0,77829.0,12972.0,0.0,0.0,12972.0
Kedougou,Kedougou,2015-01-01,75853.0,2.0,54614.0,15171.0,6068.0,0.0,0.0,6068.0
Kolda,Kolda,2015-01-01,245990.0,2.0,167273.0,54118.0,24599.0,0.0,0.0,24599.0
Tambacounda,Koumpentoum,2015-01-01,128433.0,1.0,113021.0,12843.0,2569.0,0.0,0.0,2569.0
Kaffrine,Koungheul,2015-01-01,163438.0,1.0,135654.0,14709.0,13075.0,0.0,0.0,13075.0
Louga,Linguere,2015-01-01,243257.0,2.0,133791.0,97303.0,24326.0,0.0,0.0,24326.0
Louga,Louga,2015-01-01,371507.0,2.0,222904.0,130027.0,18575.0,0.0,0.0,18575.0
Kaffrine,Malem Hodar,2015-01-01,94661.0,1.0,82355.0,8519.0,3786.0,0.0,0.0,3786.0
Matam,Matam,2015-01-01,272458.0,2.0,177098.0,68114.0,27246.0,0.0,0.0,27246.0
Diourbel,Mbacke,2015-01-01,927426.0,2.0,649198.0,231856.0,46371.0,0.0,0.0,46371.0
Thies,Mbour,2015-01-01,670982.0,2.0,523366.0,134196.0,13420.0,0.0,0.0,13420.0
Kolda,Medina Yoro Foulah,2015-01-01,138084.0,2.0,99420.0,24855.0,13808.0,0.0,0.0,13808.0
Kaolack,Nioro Du Rip,2015-01-01,356926.0,1.0,314095.0,35693.0,7139.0,0.0,0.0,7139.0
Ziguinchor,Oussouye,2015-01-01,48331.0,2.0,33832.0,9666.0,4833.0,0.0,0.0,4833.0
Saint Louis,Podor,2015-01-01,372092.0,2.0,260464.0,74418.0,37209.0,0.0,0.0,37209.0
Matam,Ranerou,2015-01-01,50881.0,2.0,33073.0,12720.0,5088.0,0.0,0.0,5088.0
Dakar,Rufisque,2015-01-01,490694.0,1.0,431811.0,49069.0,9814.0,0.0,0.0,9814.0
Saint Louis,Saint Louis,2015-01-01,294146.0,1.0,258848.0,29415.0,5883.0,0.0,0.0,5883.0
Kedougou,Salemata,2015-01-01,22111.0,2.0,15920.0,3980.0,2211.0,0.0,0.0,2211.0
Kedougou,Saraya,2015-01-01,50724.0,2.0,38043.0,7609.0,5072.0,0.0,0.0,5072.0
Sedhiou,Sedhiou,2015-01-01,151327.0,1.0,125601.0,18159.0,7566.0,0.0,0.0,7566.0
Tambacounda,Tambacounda,2015-01-01,299162.0,2.0,158556.0,89749.0,50858.0,0.0,0.0,50858.0
Thies,Thies,2015-01-01,665770.0,2.0,505985.0,146469.0,13315.0,0.0,0.0,13315.0
Thies,Tivaouane,2015-01-01,452112.0,2.0,325521.0,113028.0,13563.0,0.0,0.0,13563.0
Kolda,Velingara,2015-01-01,278381.0,2.0,194867.0,55676.0,27838.0,0.0,0.0,27838.0
Ziguinchor,Ziguinchor,2015-01-01,248264.0,2.0,186198.0,49653.0,12413.0,0.0,0.0,12413.0
Tambacounda,Bakel,2016-01-01,148888.0,1.0,128044.0,17867.0,2978.0,0.0,0.0,2978.0
Diourbel,Bambey,2016-01-01,318303.0,2.0,225995.0,85942.0,6366.0,0.0,0.0,6366.0
Ziguinchor,Bignona,2016-01-01,268364.0,1.0,217375.0,37571.0,13418.0,0.0,0.0,13418.0
Sedhiou,Bounkiling,2016-01-01,155457.0,1.0,138357.0,15546.0,1555.0,0.0,0.0,1555.0
Saint Louis,Dagana,2016-01-01,254634.0,1.0,226624.0,25463.0,2546.0,0.0,0.0,2546.0
Diourbel,Diourbel,2016-01-01,285076.0,2.0,216658.0,65567.0,2851.0,0.0,0.0,2851.0
Fatick,Fatick,2016-01-01,361708.0,1.0,296601.0,61490.0,3617.0,0.0,0.0,3617.0
Fatick,Foundiougne,2016-01-01,297945.0,1.0,247294.0,47671.0,2979.0,0.0,0.0,2979.0
Fatick,Gossas,2016-01-01,102055.0,1.0,82665.0,18370.0,1021.0,0.0,0.0,1021.0
Tambacounda,Goudiry,2016-01-01,123134.0,2.0,86194.0,24627.0,12313.0,0.0,0.0,12313.0
Sedhiou,Goudomp,2016-01-01,166699.0,2.0,98352.0,60012.0,8335.0,0.0,0.0,8335.0
Kaolack,Guinguineo,2016-01-01,122470.0,1.0,117571.0,3674.0,1225.0,0.0,0.0,1225.0
Kaffrine,Kaffrine,2016-01-01,223296.0,1.0,205432.0,15631.0,2233.0,0.0,0.0,2233.0
Matam,Kanel,2016-01-01,252616.0,1.0,214724.0,30314.0,7578.0,0.0,0.0,7578.0
Kaolack,Kaolack,2016-01-01,519682.0,1.0,488501.0,25984.0,5197.0,0.0,0.0,5197.0
Louga,Kebemer,2016-01-01,273859.0,1.0,240996.0,27386.0,5477.0,0.0,0.0,5477.0
Kedougou,Kedougou,2016-01-01,83801.0,1.0,71231.0,9218.0,3352.0,0.0,0.0,3352.0
Kolda,Kolda,2016-01-01,261333.0,1.0,222133.0,26133.0,13067.0,0.0,0.0,13067.0
Tambacounda,Koumpentoum,2016-01-01,137701.0,2.0,93637.0,27540.0,16524.0,0.0,0.0,16524.0
Kaffrine,Koungheul,2016-01-01,175731.0,1.0,165187.0,7029.0,3515.0,0.0,0.0,3515.0
Louga,Linguere,2016-01-01,255694.0,1.0,217340.0,25569.0,12785.0,0.0,0.0,12785.0
Louga,Louga,2016-01-01,394497.0,1.0,351102.0,39450.0,3945.0,0.0,0.0,3945.0
Kaffrine,Malem Hodar,2016-01-01,101782.0,1.0,98729.0,2036.0,1018.0,0.0,0.0,1018.0
Matam,Matam,2016-01-01,291207.0,2.0,203845.0,58241.0,29121.0,0.0,0.0,29121.0
Diourbel,Mbacke,2016-01-01,988214.0,1.0,810335.0,167996.0,9882.0,0.0,0.0,9882.0
Kaffrine,Birkelane,2016-01-01,108830.0,1.0,96859.0,10883.0,1088.0,0.0,0.0,1088.0
Thies,Mbour,2016-01-01,706441.0,1.0,593410.0,105966.0,7064.0,0.0,0.0,7064.0
Kolda,Medina Yoro Foulah,2016-01-01,146697.0,1.0,121759.0,22005.0,2934.0,0.0,0.0,2934.0
Kaolack,Nioro Du Rip,2016-01-01,379505.0,1.0,352940.0,22770.0,3795.0,0.0,0.0,3795.0
Ziguinchor,Oussouye,2016-01-01,51358.0,1.0,48790.0,2054.0,514.0,0.0,0.0,514.0
Saint Louis,Podor,2016-01-01,390599.0,2.0,292949.0,78120.0,19530.0,0.0,0.0,19530.0
Matam,Ranerou,2016-01-01,54579.0,2.0,39843.0,10916.0,3821.0,0.0,0.0,3821.0
Dakar,Rufisque,2016-01-01,520960.0,1.0,458445.0,57306.0,5210.0,0.0,0.0,5210.0
Kedougou,Salemata,2016-01-01,23597.0,2.0,16518.0,5899.0,1180.0,0.0,0.0,1180.0
Kedougou,Saraya,2016-01-01,54134.0,2.0,35187.0,16240.0,2707.0,0.0,0.0,2707.0
Sedhiou,Sedhiou,2016-01-01,161612.0,1.0,138986.0,19393.0,3232.0,0.0,0.0,3232.0
Saint Louis,Saint Louis,2016-01-01,312369.0,1.0,287379.0,21866.0,3124.0,0.0,0.0,3124.0
Tambacounda,Tambacounda,2016-01-01,320750.0,2.0,243770.0,64150.0,12830.0,0.0,0.0,12830.0
Thies,Thies,2016-01-01,705317.0,1.0,634785.0,63479.0,7053.0,0.0,0.0,7053.0
Thies,Tivaouane,2016-01-01,477565.0,1.0,425033.0,47756.0,4776.0,0.0,0.0,4776.0
Kolda,Velingara,2016-01-01,295647.0,1.0,257213.0,29565.0,8869.0,0.0,0.0,8869.0
Ziguinchor,Ziguinchor,2016-01-01,263806.0,1.0,218959.0,39571.0,5276.0,0.0,0.0,5276.0
Tambacounda,Bakel,2017-01-01,159752.0,1.0,130997.0,28755.0,0.0,0.0,0.0,0.0
Diourbel,Bambey,2017-01-01,338576.0,2.0,223460.0,77872.0,37243.0,0.0,0.0,37243.0
Ziguinchor,Bignona,2017-01-01,285675.0,1.0,231397.0,45708.0,8570.0,0.0,0.0,8570.0
Kaffrine,Birkelane,2017-01-01,116949.0,1.0,97068.0,19881.0,0.0,0.0,0.0,0.0
Sedhiou,Bounkiling,2017-01-01,166141.0,2.0,114637.0,44858.0,6646.0,0.0,0.0,6646.0
Saint Louis,Dagana,2017-01-01,268346.0,1.0,225411.0,40252.0,2683.0,0.0,0.0,2683.0
Diourbel,Diourbel,2017-01-01,303234.0,2.0,209231.0,75808.0,18194.0,0.0,0.0,18194.0
Fatick,Fatick,2017-01-01,386321.0,2.0,258835.0,115896.0,11590.0,0.0,0.0,11590.0
Fatick,Foundiougne,2017-01-01,318219.0,2.0,245029.0,70008.0,3182.0,0.0,0.0,3182.0
Fatick,Gossas,2017-01-01,108999.0,2.0,70849.0,32700.0,5450.0,0.0,0.0,5450.0
Tambacounda,Goudiry,2017-01-01,132120.0,2.0,55490.0,58133.0,18497.0,0.0,0.0,18497.0
Sedhiou,Goudomp,2017-01-01,178156.0,2.0,126491.0,42757.0,8908.0,0.0,0.0,8908.0
Kaolack,Guinguineo,2017-01-01,130239.0,1.0,105494.0,22141.0,2605.0,0.0,0.0,2605.0
Kaffrine,Kaffrine,2017-01-01,239956.0,1.0,194364.0,43192.0,2400.0,0.0,0.0,2400.0
Matam,Kanel,2017-01-01,277815.0,2.0,202805.0,58341.0,16669.0,0.0,0.0,16669.0
Kaolack,Kaolack,2017-01-01,552648.0,1.0,475277.0,77371.0,0.0,0.0,0.0,0.0
Louga,Kebemer,2017-01-01,289518.0,2.0,202663.0,69484.0,17371.0,0.0,0.0,17371.0
Kedougou,Kedougou,2017-01-01,89481.0,2.0,56373.0,29529.0,3579.0,0.0,0.0,3579.0
Kolda,Kolda,2017-01-01,277923.0,2.0,183429.0,80598.0,13896.0,0.0,0.0,13896.0
Tambacounda,Koumpentoum,2017-01-01,147749.0,2.0,98992.0,41370.0,7387.0,0.0,0.0,7387.0
Kaffrine,Koungheul,2017-01-01,188842.0,2.0,137855.0,49099.0,1888.0,0.0,0.0,1888.0
Louga,Linguere,2017-01-01,270314.0,2.0,164892.0,94610.0,10813.0,0.0,0.0,10813.0
Louga,Louga,2017-01-01,417053.0,2.0,300278.0,95922.0,20853.0,0.0,0.0,20853.0
Kaffrine,Malem Hodar,2017-01-01,109376.0,2.0,66719.0,32813.0,9844.0,0.0,0.0,9844.0
Matam,Matam,2017-01-01,317421.0,2.0,196801.0,95226.0,25394.0,0.0,0.0,25394.0
Diourbel,Mbacke,2017-01-01,1051157.0,2.0,756833.0,262789.0,31535.0,0.0,0.0,31535.0
Thies,Mbour,2017-01-01,745969.0,2.0,574396.0,164113.0,7460.0,0.0,0.0,7460.0
Kolda,Medina Yoro Foulah,2017-01-01,156009.0,1.0,131048.0,20281.0,4680.0,0.0,0.0,4680.0
Kaolack,Nioro Du Rip,2017-01-01,403578.0,1.0,343041.0,60537.0,0.0,0.0,0.0,0.0
Ziguinchor,Oussouye,2017-01-01,54670.0,1.0,44829.0,8747.0,1093.0,0.0,0.0,1093.0
Saint Louis,Podor,2017-01-01,411633.0,1.0,341655.0,61745.0,8233.0,0.0,0.0,8233.0
Matam,Ranerou,2017-01-01,59745.0,2.0,40627.0,14936.0,4182.0,0.0,0.0,4182.0
Dakar,Rufisque,2017-01-01,552025.0,1.0,469221.0,71763.0,11040.0,0.0,0.0,11040.0
Saint Louis,Saint Louis,2017-01-01,329190.0,1.0,276520.0,46087.0,6584.0,0.0,0.0,6584.0
Kedougou,Salemata,2017-01-01,25197.0,2.0,14866.0,8819.0,1512.0,0.0,0.0,1512.0
Kedougou,Saraya,2017-01-01,57804.0,2.0,38729.0,17341.0,1734.0,0.0,0.0,1734.0
Sedhiou,Sedhiou,2017-01-01,285675.0,2.0,188546.0,82846.0,14284.0,0.0,0.0,14284.0
Tambacounda,Tambacounda,2017-01-01,344156.0,2.0,168636.0,141104.0,34416.0,0.0,0.0,34416.0
Thies,Thies,2017-01-01,744782.0,1.0,625617.0,104269.0,14896.0,0.0,0.0,14896.0
Thies,Tivaouane,2017-01-01,504286.0,1.0,408472.0,80686.0,15129.0,0.0,0.0,15129.0
Kolda,Velingara,2017-01-01,314520.0,2.0,210728.0,91211.0,12581.0,0.0,0.0,12581.0
Ziguinchor,Ziguinchor,2017-01-01,280823.0,1.0,233083.0,42123.0,5616.0,0.0,0.0,5616.0
Dakar,Rufisque,2018-01-01,552025.0,1.0,485782.0,66243.0,0.0,0.0,0.0,0.0
Louga,Louga,2018-01-01,428801.0,2.0,325889.0,94336.0,8576.0,0.0,0.0,8576.0
Louga,Kebemer,2018-01-01,297673.0,1.0,247069.0,50604.0,0.0,0.0,0.0,0.0
Saint Louis,Saint Louis,2018-01-01,337945.0,1.0,283874.0,54071.0,0.0,0.0,0.0,0.0
Saint Louis,Dagana,2018-01-01,275483.0,1.0,228651.0,46832.0,0.0,0.0,0.0,0.0
Saint Louis,Podor,2018-01-01,422581.0,2.0,253549.0,126774.0,42258.0,0.0,0.0,42258.0
Thies,Tivaouane,2018-01-01,518120.0,1.0,445583.0,72537.0,0.0,0.0,0.0,0.0
Thies,Thies,2018-01-01,765213.0,1.0,650431.0,114782.0,0.0,0.0,0.0,0.0
Diourbel,Bambey,2018-01-01,338576.0,2.0,247160.0,84644.0,6772.0,0.0,0.0,6772.0
Diourbel,Diourbel,2018-01-01,303234.0,2.0,228942.0,72776.0,1516.0,0.0,0.0,1516.0
Diourbel,Mbacke,2018-01-01,1051157.0,2.0,809391.0,241766.0,0.0,0.0,0.0,0.0
Fatick,Gossas,2018-01-01,112717.0,2.0,76648.0,30434.0,5636.0,0.0,0.0,5636.0
Louga,Linguere,2018-01-01,277928.0,2.0,183432.0,77820.0,16676.0,0.0,0.0,16676.0
Matam,Matam,2018-01-01,329587.0,2.0,217527.0,92284.0,19775.0,0.0,0.0,19775.0
Matam,Kanel,2018-01-01,288463.0,2.0,164424.0,100962.0,23077.0,0.0,0.0,23077.0
Matam,Ranerou,2018-01-01,62035.0,2.0,36601.0,21092.0,4342.0,0.0,0.0,4342.0
Fatick,Fatick,2018-01-01,386321.0,1.0,312920.0,73401.0,0.0,0.0,0.0,0.0
Fatick,Foundiougne,2018-01-01,318219.0,1.0,270486.0,47733.0,0.0,0.0,0.0,0.0
Kaffrine,Malem Hodar,2018-01-01,113355.0,2.0,78215.0,32873.0,2267.0,0.0,0.0,2267.0
Thies,Mbour,2018-01-01,766432.0,1.0,620810.0,145622.0,0.0,0.0,0.0,0.0
Tambacounda,Koumpentoum,2018-01-01,153083.0,2.0,104096.0,45925.0,3062.0,0.0,0.0,3062.0
Kolda,Medina Yoro Foulah,2018-01-01,160933.0,1.0,130356.0,30577.0,0.0,0.0,0.0,0.0
Kaolack,Kaolack,2018-01-01,552648.0,1.0,475277.0,71844.0,5526.0,0.0,0.0,5526.0
Kaolack,Guinguineo,2018-01-01,134307.0,1.0,114161.0,17460.0,2686.0,0.0,0.0,2686.0
Kaolack,Nioro Du Rip,2018-01-01,416186.0,1.0,353758.0,54104.0,8324.0,0.0,0.0,8324.0
Tambacounda,Bakel,2018-01-01,159752.0,2.0,119814.0,31950.0,7988.0,0.0,0.0,7988.0
Tambacounda,Goudiry,2018-01-01,136890.0,2.0,61600.0,54756.0,20534.0,0.0,0.0,20534.0
Tambacounda,Tambacounda,2018-01-01,356582.0,2.0,228212.0,74882.0,53487.0,0.0,0.0,53487.0
Kaffrine,Birkelane,2018-01-01,116949.0,1.0,99407.0,17542.0,0.0,0.0,0.0,0.0
Kaffrine,Koungheul,2018-01-01,195712.0,2.0,138956.0,37185.0,19571.0,0.0,0.0,19571.0
Kaffrine,Kaffrine,2018-01-01,239956.0,1.0,206362.0,33594.0,0.0,0.0,0.0,0.0
Kedougou,Kedougou,2018-01-01,89481.0,2.0,58163.0,28634.0,2684.0,0.0,0.0,2684.0
Kedougou,Salemata,2018-01-01,26042.0,2.0,15625.0,9636.0,781.0,0.0,0.0,781.0
Kedougou,Saraya,2018-01-01,59743.0,2.0,38833.0,19715.0,1195.0,0.0,0.0,1195.0
Kolda,Kolda,2018-01-01,286695.0,2.0,177751.0,88875.0,20069.0,0.0,0.0,20069.0
Kolda,Velingara,2018-01-01,324447.0,2.0,236846.0,71378.0,16222.0,0.0,0.0,16222.0
Sedhiou,Bounkiling,2018-01-01,171809.0,1.0,146038.0,22335.0,3436.0,0.0,0.0,3436.0
Sedhiou,Goudomp,2018-01-01,184234.0,1.0,149230.0,29477.0,5527.0,0.0,0.0,5527.0
Sedhiou,Sedhiou,2018-01-01,178611.0,2.0,125028.0,42867.0,10717.0,0.0,0.0,10717.0
Ziguinchor,Bignona,2018-01-01,294912.0,1.0,256573.0,35389.0,2949.0,0.0,0.0,2949.0
Ziguinchor,Oussouye,2018-01-01,56438.0,1.0,46844.0,8466.0,1129.0,0.0,0.0,1129.0
Ziguinchor,Ziguinchor,2018-01-01,289904.0,1.0,263813.0,23192.0,2899.0,0.0,0.0,2899.0
Kedougou,Salemata,2019-01-01,26920.0,2.0,14537.0,9960.0,2423.0,0.0,0.0,2423.0
Kedougou,Saraya,2019-01-01,61756.0,2.0,43229.0,16674.0,1853.0,0.0,0.0,1853.0
Ziguinchor,Ziguinchor,2019-01-01,299364.0,1.0,251466.0,44905.0,2994.0,0.0,0.0,2994.0
Ziguinchor,Bignona,2019-01-01,304535.0,1.0,267991.0,36544.0,0.0,0.0,0.0,0.0
Ziguinchor,Oussouye,2019-01-01,58280.0,1.0,52452.0,5828.0,0.0,0.0,0.0,0.0
Kolda,Kolda,2019-01-01,295795.0,1.0,239594.0,47327.0,8874.0,0.0,0.0,8874.0
Kolda,Medina Yoro Foulah,2019-01-01,166042.0,1.0,136154.0,24906.0,4981.0,0.0,0.0,4981.0
Kolda,Velingara,2019-01-01,334746.0,1.0,281187.0,46864.0,6695.0,0.0,0.0,6695.0
Sedhiou,Sedhiou,2019-01-01,184742.0,1.0,149641.0,31406.0,3695.0,0.0,0.0,3695.0
Sedhiou,Bounkiling,2019-01-01,177706.0,1.0,151050.0,24879.0,1777.0,0.0,0.0,1777.0
Sedhiou,Goudomp,2019-01-01,190557.0,1.0,156257.0,30489.0,3811.0,0.0,0.0,3811.0
Kedougou,Kedougou,2019-01-01,95599.0,2.0,71699.0,21988.0,1912.0,0.0,0.0,1912.0
Fatick,Fatick,2019-01-01,413302.0,1.0,367839.0,41330.0,4133.0,0.0,0.0,4133.0
Fatick,Gossas,2019-01-01,116612.0,1.0,99120.0,15160.0,2332.0,0.0,0.0,2332.0
Kaffrine,Kaffrine,2019-01-01,257696.0,1.0,213888.0,41231.0,2577.0,0.0,0.0,2577.0
Kaffrine,Birkelane,2019-01-01,125596.0,1.0,104245.0,18839.0,2512.0,0.0,0.0,2512.0
Kaffrine,Koungheul,2019-01-01,202803.0,1.0,172383.0,28392.0,2028.0,0.0,0.0,2028.0
Kaffrine,Malem Hodar,2019-01-01,117462.0,1.0,103367.0,12921.0,1175.0,0.0,0.0,1175.0
Tambacounda,Bakel,2019-01-01,171521.0,1.0,147508.0,22298.0,1715.0,0.0,0.0,1715.0
Tambacounda,Tambacounda,2019-01-01,369510.0,1.0,321474.0,40646.0,7390.0,0.0,0.0,7390.0
Tambacounda,Goudiry,2019-01-01,141853.0,2.0,107808.0,26952.0,7093.0,0.0,0.0,7093.0
Tambacounda,Koumpentoum,2019-01-01,158634.0,2.0,112630.0,34899.0,11104.0,0.0,0.0,11104.0
Saint Louis,Dagana,2019-01-01,275483.0,1.0,242425.0,33058.0,0.0,0.0,0.0,0.0
Saint Louis,Saint Louis,2019-01-01,337945.0,1.0,304150.0,33794.0,0.0,0.0,0.0,0.0
Saint Louis,Podor,2019-01-01,422581.0,2.0,329613.0,84516.0,8452.0,0.0,0.0,8452.0
Louga,Louga,2019-01-01,428801.0,1.0,364481.0,60032.0,4288.0,0.0,0.0,4288.0
Louga,Kebemer,2019-01-01,297673.0,1.0,255999.0,38697.0,2977.0,0.0,0.0,2977.0
Louga,Linguere,2019-01-01,277928.0,1.0,227901.0,41689.0,8338.0,0.0,0.0,8338.0
Matam,Kanel,2019-01-01,288463.0,2.0,219232.0,63462.0,5769.0,0.0,0.0,5769.0
Matam,Matam,2019-01-01,329587.0,2.0,253782.0,72509.0,3296.0,0.0,0.0,3296.0
Matam,Ranerou,2019-01-01,62035.0,2.0,40943.0,16129.0,4963.0,0.0,0.0,4963.0
Dakar,Rufisque,2019-01-01,567826.0,1.0,511043.0,56783.0,0.0,0.0,0.0,0.0
Thies,Thies,2019-01-01,786097.0,1.0,723209.0,62888.0,0.0,0.0,0.0,0.0
Thies,Mbour,2019-01-01,787349.0,1.0,681057.0,102355.0,3937.0,0.0,0.0,3937.0
Thies,Tivaouane,2019-01-01,532261.0,1.0,452422.0,74517.0,5323.0,0.0,0.0,5323.0
Kaolack,Kaolack,2019-01-01,587730.0,1.0,505448.0,76405.0,5877.0,0.0,0.0,5877.0
Kaolack,Nioro Du Rip,2019-01-01,429198.0,1.0,351942.0,72964.0,4292.0,0.0,0.0,4292.0
Kaolack,Guinguineo,2019-01-01,138506.0,1.0,112190.0,23546.0,2770.0,0.0,0.0,2770.0
Diourbel,Diourbel,2019-01-01,322762.0,1.0,261437.0,54870.0,6455.0,0.0,0.0,6455.0
Diourbel,Bambey,2019-01-01,360380.0,1.0,302719.0,54057.0,3604.0,0.0,0.0,3604.0
Diourbel,Mbacke,2019-01-01,1118849.0,1.0,962210.0,156639.0,0.0,0.0,0.0,0.0
Fatick,Foundiougne,2019-01-01,340444.0,1.0,302995.0,37449.0,0.0,0.0,0.0,0.0
Ziguinchor,Bignona,2020-01-01,314549.0,1.0,295676.0,18873.0,0.0,0.0,0.0,0.0
Sedhiou,Bounkiling,2020-01-01,183842.0,1.0,163619.0,20223.0,0.0,0.0,0.0,0.0
Diourbel,Diourbel,2020-01-01,333063.0,2.0,233144.0,83266.0,16653.0,0.0,0.0,16653.0
Fatick,Fatick,2020-01-01,427752.0,1.0,384977.0,42775.0,0.0,0.0,0.0,0.0
Fatick,Foundiougne,2020-01-01,352346.0,1.0,338252.0,14094.0,0.0,0.0,0.0,0.0
Fatick,Gossas,2020-01-01,120689.0,2.0,88103.0,27758.0,4828.0,0.0,0.0,4828.0
Tambacounda,Goudiry,2020-01-01,147018.0,2.0,113204.0,32344.0,1470.0,0.0,0.0,1470.0
Sedhiou,Goudomp,2020-01-01,197137.0,1.0,187280.0,9857.0,0.0,0.0,0.0,0.0
Kaolack,Guinguineo,2020-01-01,142838.0,1.0,122841.0,19997.0,0.0,0.0,0.0,0.0
Kaffrine,Kaffrine,2020-01-01,266997.0,2.0,189568.0,61409.0,16020.0,0.0,0.0,16020.0
Matam,Kanel,2020-01-01,310850.0,2.0,245572.0,46628.0,18651.0,0.0,0.0,18651.0
Kaolack,Kaolack,2020-01-01,606110.0,1.0,533377.0,72733.0,0.0,0.0,0.0,0.0
Louga,Kebemer,2020-01-01,314627.0,1.0,270579.0,40902.0,3146.0,0.0,0.0,3146.0
Kedougou,Kedougou,2020-01-01,98836.0,2.0,59302.0,29651.0,9884.0,0.0,0.0,9884.0
Kaffrine,Koungheul,2020-01-01,210123.0,2.0,163896.0,35721.0,10506.0,0.0,0.0,10506.0
Louga,Linguere,2020-01-01,293757.0,1.0,252631.0,29376.0,11750.0,0.0,0.0,11750.0
Louga,Louga,2020-01-01,453223.0,2.0,317256.0,99709.0,36258.0,0.0,0.0,36258.0
Kaffrine,Malem Hodar,2020-01-01,121701.0,1.0,107097.0,12170.0,2434.0,0.0,0.0,2434.0
Matam,Matam,2020-01-01,355166.0,2.0,230858.0,88792.0,35517.0,0.0,0.0,35517.0
Diourbel,Mbacke,2020-01-01,1154558.0,1.0,1073739.0,80819.0,0.0,0.0,0.0,0.0
Kaffrine,Birkelane,2020-01-01,130129.0,2.0,84584.0,32532.0,13013.0,0.0,0.0,13013.0
Thies,Mbour,2020-01-01,808709.0,1.0,744012.0,64697.0,0.0,0.0,0.0,0.0
Kolda,Medina Yoro Foulah,2020-01-01,171340.0,2.0,133645.0,25701.0,11994.0,0.0,0.0,11994.0
Kaolack,Nioro Du Rip,2020-01-01,442620.0,1.0,380653.0,48688.0,13279.0,0.0,0.0,13279.0
Ziguinchor,Oussouye,2020-01-01,60196.0,1.0,48759.0,9631.0,1806.0,0.0,0.0,1806.0
Saint Louis,Podor,2020-01-01,445313.0,2.0,311719.0,97969.0,35625.0,0.0,0.0,35625.0
Matam,Ranerou,2020-01-01,66850.0,2.0,46795.0,16713.0,3343.0,0.0,0.0,3343.0
Saint Louis,Saint Louis,2020-01-01,356125.0,1.0,331196.0,24929.0,0.0,0.0,0.0,0.0
Kedougou,Salemata,2020-01-01,27831.0,3.0,13637.0,7793.0,6401.0,0.0,0.0,6401.0
Kedougou,Saraya,2020-01-01,63846.0,1.0,52992.0,9577.0,1277.0,0.0,0.0,1277.0
Sedhiou,Sedhiou,2020-01-01,191120.0,1.0,158630.0,28668.0,3822.0,0.0,0.0,3822.0
Tambacounda,Tambacounda,2020-01-01,382963.0,2.0,298711.0,84252.0,0.0,0.0,0.0,0.0
Thies,Thies,2020-01-01,807422.0,1.0,702457.0,104965.0,0.0,0.0,0.0,0.0
Kolda,Velingara,2020-01-01,345426.0,1.0,279795.0,44905.0,20726.0,0.0,0.0,20726.0
Ziguinchor,Ziguinchor,2020-01-01,309207.0,1.0,284470.0,24737.0,0.0,0.0,0.0,0.0
Tambacounda,Bakel,2020-01-01,177766.0,1.0,156434.0,21332.0,0.0,0.0,0.0,0.0
Diourbel,Bambey,2020-01-01,371882.0,1.0,312381.0,44626.0,14875.0,0.0,0.0,14875.0
Saint Louis,Dagana,2020-01-01,290302.0,2.0,217727.0,63866.0,8709.0,0.0,0.0,8709.0
Dakar,Dakar,2020-01-01,1400974.0,2.0,1050731.0,322224.0,28019.0,0.0,0.0,28019.0
Dakar,Guediawaye,2020-01-01,402986.0,1.0,362687.0,40299.0,0.0,0.0,0.0,0.0
Kolda,Kolda,2020-01-01,305233.0,1.0,259448.0,39680.0,6105.0,0.0,0.0,6105.0
Dakar,Pikine,2020-01-01,1431216.0,2.0,1059100.0,300555.0,71561.0,0.0,0.0,71561.0
Dakar,Rufisque,2020-01-01,599843.0,1.0,527862.0,71981.0,0.0,0.0,0.0,0.0
Thies,Tivaouane,2020-01-01,546700.0,1.0,448294.0,71071.0,27335.0,0.0,0.0,27335.0
Tambacounda,Koumpentoum,2020-01-01,164409.0,1.0,142214.0,20551.0,1644.0,0.0,0.0,1644.0
Tambacounda,Bakel,2014-09-01,138867.0,2.0,111094.0,20830.0,6943.0,0.0,0.0,6943.0
Diourbel,Bambey,2014-09-01,299476.0,2.0,209633.0,74869.0,14974.0,0.0,0.0,14974.0
Ziguinchor,Bignona,2014-09-01,252556.0,2.0,189417.0,50511.0,12628.0,0.0,0.0,12628.0
Kaffrine,Birkelane,2014-09-01,101216.0,2.0,70851.0,30365.0,0.0,0.0,0.0,0.0
Sedhiou,Bounkiling,2014-09-01,145569.0,1.0,123734.0,14557.0,7278.0,0.0,0.0,7278.0
Saint Louis,Dagana,2014-09-01,241695.0,1.0,198190.0,38671.0,4834.0,0.0,0.0,4834.0
Diourbel,Diourbel,2014-09-01,268215.0,2.0,174340.0,80464.0,13411.0,0.0,0.0,13411.0
Fatick,Fatick,2014-09-01,339241.0,2.0,254431.0,67848.0,16962.0,0.0,0.0,16962.0
Fatick,Foundiougne,2014-09-01,279436.0,1.0,237521.0,41915.0,0.0,0.0,0.0,0.0
Fatick,Gossas,2014-09-01,95715.0,1.0,81358.0,14357.0,0.0,0.0,0.0,0.0
Tambacounda,Goudiry,2014-09-01,114846.0,2.0,91877.0,17227.0,5742.0,0.0,0.0,5742.0
Sedhiou,Goudomp,2014-09-01,156097.0,1.0,132682.0,15610.0,7805.0,0.0,0.0,7805.0
Kaolack,Guinguineo,2014-09-01,115183.0,2.0,63351.0,46073.0,5759.0,0.0,0.0,5759.0
Kaffrine,Kaffrine,2014-09-01,207676.0,2.0,145373.0,62303.0,0.0,0.0,0.0,0.0
Matam,Kanel,2014-09-01,238606.0,3.0,119303.0,71582.0,47721.0,0.0,0.0,47721.0
Kaolack,Kaolack,2014-09-01,488765.0,2.0,317697.0,171068.0,0.0,0.0,0.0,0.0
Louga,Kebemer,2014-09-01,259085.0,1.0,209859.0,38863.0,10363.0,0.0,0.0,10363.0
Kedougou,Kedougou,2014-09-01,78522.0,2.0,58892.0,15704.0,3926.0,0.0,0.0,3926.0
Kolda,Kolda,2014-09-01,245990.0,2.0,184492.0,49198.0,12300.0,0.0,0.0,12300.0
Tambacounda,Koumpentoum,2014-09-01,128433.0,1.0,115590.0,12843.0,0.0,0.0,0.0,0.0
Kaffrine,Koungheul,2014-09-01,163438.0,2.0,122578.0,40860.0,0.0,0.0,0.0,0.0
Louga,Linguere,2014-09-01,373211.0,2.0,242587.0,93303.0,37321.0,0.0,0.0,37321.0
Louga,Louga,2014-09-01,241897.0,1.0,205612.0,31447.0,4838.0,0.0,0.0,4838.0
Kaffrine,Malem Hodar,2014-09-01,94662.0,1.0,80463.0,14199.0,0.0,0.0,0.0,0.0
Matam,Matam,2014-09-01,272620.0,2.0,204465.0,54524.0,13631.0,0.0,0.0,13631.0
Diourbel,Mbacke,2014-09-01,929764.0,2.0,743811.0,139465.0,46488.0,0.0,0.0,46488.0
Thies,Mbour,2014-09-01,668878.0,2.0,468215.0,167220.0,33444.0,0.0,0.0,33444.0
Kolda,Medina Yoro Foulah,2014-09-01,138084.0,2.0,103563.0,20713.0,13808.0,0.0,0.0,13808.0
Kaolack,Nioro Du Rip,2014-09-01,356927.0,1.0,303388.0,53539.0,0.0,0.0,0.0,0.0
Ziguinchor,Oussouye,2014-09-01,48331.0,2.0,31415.0,12083.0,4833.0,0.0,0.0,4833.0
Saint Louis,Podor,2014-09-01,370751.0,2.0,222451.0,111225.0,37075.0,0.0,0.0,37075.0
Matam,Ranerou,2014-09-01,51313.0,2.0,28222.0,15394.0,7697.0,0.0,0.0,7697.0
Dakar,Rufisque,2014-09-01,490694.0,1.0,456345.0,34349.0,0.0,0.0,0.0,0.0
Kedougou,Salemata,2014-09-01,22111.0,2.0,14372.0,4422.0,3317.0,0.0,0.0,3317.0
Kedougou,Saraya,2014-09-01,50724.0,2.0,40579.0,7609.0,2536.0,0.0,0.0,2536.0
Sedhiou,Sedhiou,2014-09-01,151327.0,1.0,128628.0,15133.0,7566.0,0.0,0.0,7566.0
Saint Louis,Saint Louis,2014-09-01,296497.0,1.0,246093.0,44475.0,5930.0,0.0,0.0,5930.0
Tambacounda,Tambacounda,2014-09-01,299163.0,2.0,209414.0,74791.0,14958.0,0.0,0.0,14958.0
Thies,Thies,2014-09-01,667814.0,1.0,547607.0,100172.0,20034.0,0.0,0.0,20034.0
Thies,Tivaouane,2014-09-01,452172.0,1.0,370781.0,67826.0,13565.0,0.0,0.0,13565.0
Kolda,Velingara,2014-09-01,278381.0,2.0,194867.0,55676.0,27838.0,0.0,0.0,27838.0
Ziguinchor,Ziguinchor,2014-09-01,248264.0,2.0,161372.0,74479.0,12413.0,0.0,0.0,12413.0
Tambacounda,Bakel,2015-09-01,148888.0,1.0,128044.0,20844.0,0.0,0.0,0.0,0.0
Diourbel,Bambey,2015-09-01,318303.0,1.0,264191.0,54112.0,0.0,0.0,0.0,0.0
Ziguinchor,Bignona,2015-09-01,129293.0,1.0,109899.0,19394.0,0.0,0.0,0.0,0.0
Sedhiou,Bounkiling,2015-09-01,155457.0,1.0,136802.0,18655.0,0.0,0.0,0.0,0.0
Saint Louis,Dagana,2015-09-01,254634.0,1.0,229171.0,25463.0,0.0,0.0,0.0,0.0
Diourbel,Diourbel,2015-09-01,285076.0,1.0,242315.0,42761.0,0.0,0.0,0.0,0.0
Fatick,Fatick,2015-09-01,361708.0,1.0,296601.0,65107.0,0.0,0.0,0.0,0.0
Fatick,Foundiougne,2015-09-01,297945.0,1.0,268150.0,29794.0,0.0,0.0,0.0,0.0
Fatick,Gossas,2015-09-01,102055.0,1.0,96952.0,5103.0,0.0,0.0,0.0,0.0
Tambacounda,Goudiry,2015-09-01,123134.0,1.0,107127.0,16007.0,0.0,0.0,0.0,0.0
Sedhiou,Goudomp,2015-09-01,166699.0,1.0,148362.0,18337.0,0.0,0.0,0.0,0.0
Kaolack,Guinguineo,2015-09-01,122470.0,1.0,110223.0,12247.0,0.0,0.0,0.0,0.0
Kaffrine,Kaffrine,2015-09-01,223296.0,1.0,200966.0,22330.0,0.0,0.0,0.0,0.0
Matam,Kanel,2015-09-01,252611.0,2.0,189458.0,50522.0,12631.0,0.0,0.0,12631.0
Kaolack,Kaolack,2015-09-01,519682.0,1.0,462517.0,57165.0,0.0,0.0,0.0,0.0
Louga,Kebemer,2015-09-01,273859.0,1.0,232780.0,41079.0,0.0,0.0,0.0,0.0
Kolda,Kolda,2015-09-01,295745.0,1.0,260256.0,35489.0,0.0,0.0,0.0,0.0
Tambacounda,Koumpentoum,2015-09-01,137701.0,1.0,129439.0,8262.0,0.0,0.0,0.0,0.0
Kaffrine,Koungheul,2015-09-01,175731.0,1.0,149371.0,26360.0,0.0,0.0,0.0,0.0
Louga,Linguere,2015-09-01,255694.0,1.0,207112.0,48582.0,0.0,0.0,0.0,0.0
Louga,Louga,2015-09-01,394497.0,1.0,319543.0,74954.0,0.0,0.0,0.0,0.0
Kaffrine,Malem Hodar,2015-09-01,101782.0,1.0,94657.0,7125.0,0.0,0.0,0.0,0.0
Matam,Matam,2015-09-01,291207.0,2.0,221317.0,58241.0,11648.0,0.0,0.0,11648.0
Diourbel,Mbacke,2015-09-01,988214.0,1.0,849864.0,138350.0,0.0,0.0,0.0,0.0
Kaffrine,Birkelane,2015-09-01,108830.0,1.0,95770.0,13060.0,0.0,0.0,0.0,0.0
Thies,Mbour,2015-09-01,706441.0,1.0,607539.0,98902.0,0.0,0.0,0.0,0.0
Kolda,Medina Yoro Foulah,2015-09-01,146697.0,1.0,123225.0,23472.0,0.0,0.0,0.0,0.0
Kaolack,Nioro Du Rip,2015-09-01,379505.0,1.0,360530.0,18975.0,0.0,0.0,0.0,0.0
Ziguinchor,Oussouye,2015-09-01,51358.0,1.0,45195.0,6163.0,0.0,0.0,0.0,0.0
Saint Louis,Podor,2015-09-01,390599.0,2.0,308573.0,78120.0,3906.0,0.0,0.0,3906.0
Matam,Ranerou,2015-09-01,54579.0,2.0,40934.0,10916.0,2729.0,0.0,0.0,2729.0
Dakar,Rufisque,2015-09-01,520960.0,1.0,442816.0,78144.0,0.0,0.0,0.0,0.0
Saint Louis,Saint Louis,2015-09-01,312369.0,1.0,281132.0,31237.0,0.0,0.0,0.0,0.0
Sedhiou,Sedhiou,2015-09-01,483768.0,1.0,435391.0,48377.0,0.0,0.0,0.0,0.0
Tambacounda,Tambacounda,2015-09-01,320750.0,1.0,288675.0,32075.0,0.0,0.0,0.0,0.0
Thies,Thies,2015-09-01,705317.0,1.0,592466.0,112851.0,0.0,0.0,0.0,0.0
Thies,Tivaouane,2015-09-01,477565.0,1.0,420257.0,57308.0,0.0,0.0,0.0,0.0
Kolda,Velingara,2015-09-01,280287.0,1.0,241047.0,39240.0,0.0,0.0,0.0,0.0
Ziguinchor,Ziguinchor,2015-09-01,129935.0,1.0,116942.0,12994.0,0.0,0.0,0.0,0.0
Dakar,Rufisque,2016-09-01,536395.0,1.0,482756.0,53640.0,0.0,0.0,0.0,0.0
Matam,Matam,2016-09-01,305655.0,2.0,235354.0,55018.0,15283.0,0.0,0.0,15283.0
Matam,Ranerou,2016-09-01,57531.0,2.0,43724.0,11506.0,2301.0,0.0,0.0,2301.0
Matam,Kanel,2016-09-01,267517.0,2.0,181912.0,66879.0,18726.0,0.0,0.0,18726.0
Louga,Louga,2016-09-01,405619.0,2.0,316383.0,68955.0,20281.0,0.0,0.0,20281.0
Louga,Kebemer,2016-09-01,281580.0,2.0,225264.0,42237.0,14079.0,0.0,0.0,14079.0
Louga,Linguere,2016-09-01,262903.0,2.0,205064.0,47323.0,10516.0,0.0,0.0,10516.0
Saint Louis,Saint Louis,2016-09-01,320664.0,1.0,278978.0,38480.0,3207.0,0.0,0.0,3207.0
Saint Louis,Dagana,2016-09-01,261396.0,1.0,222187.0,36595.0,2614.0,0.0,0.0,2614.0
Saint Louis,Podor,2016-09-01,400972.0,1.0,324787.0,68165.0,8019.0,0.0,0.0,8019.0
Thies,Tivaouane,2016-09-01,490966.0,1.0,412411.0,78555.0,0.0,0.0,0.0,0.0
Thies,Thies,2016-09-01,724814.0,1.0,623340.0,101474.0,0.0,0.0,0.0,0.0
Thies,Mbour,2016-09-01,725969.0,1.0,609814.0,116155.0,0.0,0.0,0.0,0.0
Kedougou,Kedougou,2016-09-01,86589.0,2.0,56283.0,25977.0,4329.0,0.0,0.0,4329.0
Kedougou,Salemata,2016-09-01,24383.0,2.0,17068.0,6827.0,488.0,0.0,0.0,488.0
Kedougou,Saraya,2016-09-01,55935.0,2.0,41392.0,13984.0,559.0,0.0,0.0,559.0
Kolda,Kolda,2016-09-01,269471.0,2.0,188630.0,72757.0,8084.0,0.0,0.0,8084.0
Kolda,Medina Yoro Foulah,2016-09-01,151265.0,1.0,122525.0,27228.0,1513.0,0.0,0.0,1513.0
Kolda,Velingara,2016-09-01,304955.0,2.0,222617.0,76239.0,6099.0,0.0,0.0,6099.0
Sedhiou,Bounkiling,2016-09-01,160694.0,2.0,117307.0,40174.0,3214.0,0.0,0.0,3214.0
Sedhiou,Goudomp,2016-09-01,172315.0,2.0,130959.0,37909.0,3446.0,0.0,0.0,3446.0
Sedhiou,Sedhiou,2016-09-01,167056.0,2.0,121951.0,40093.0,5012.0,0.0,0.0,5012.0
Ziguinchor,Bignona,2016-09-01,276827.0,1.0,224230.0,47061.0,5537.0,0.0,0.0,5537.0
Ziguinchor,Oussouye,2016-09-01,52977.0,1.0,43441.0,9006.0,530.0,0.0,0.0,530.0
Ziguinchor,Ziguinchor,2016-09-01,272125.0,1.0,225864.0,43540.0,2721.0,0.0,0.0,2721.0
Kaffrine,Birkelane,2016-09-01,112826.0,1.0,91389.0,19180.0,2257.0,0.0,0.0,2257.0
Kaffrine,Kaffrine,2016-09-01,231495.0,1.0,203716.0,23150.0,4630.0,0.0,0.0,4630.0
Kaffrine,Koungheul,2016-09-01,182183.0,2.0,132994.0,36437.0,12753.0,0.0,0.0,12753.0
Kaffrine,Malem Hodar,2016-09-01,105519.0,1.0,93912.0,10552.0,1055.0,0.0,0.0,1055.0
Kaolack,Nioro Du Rip,2016-09-01,391347.0,1.0,324818.0,58702.0,7827.0,0.0,0.0,7827.0
Kaolack,Kaolack,2016-09-01,535898.0,1.0,439436.0,91103.0,5359.0,0.0,0.0,5359.0
Kaolack,Guinguineo,2016-09-01,126292.0,1.0,104822.0,20207.0,1263.0,0.0,0.0,1263.0
Tambacounda,Bakel,2016-09-01,154210.0,1.0,124910.0,23132.0,6168.0,0.0,0.0,6168.0
Tambacounda,Tambacounda,2016-09-01,332218.0,2.0,232553.0,66444.0,33222.0,0.0,0.0,33222.0
Tambacounda,Goudiry,2016-09-01,127536.0,2.0,84174.0,28058.0,15304.0,0.0,0.0,15304.0
Tambacounda,Koumpentoum,2016-09-01,142624.0,2.0,91279.0,34230.0,17115.0,0.0,0.0,17115.0
Fatick,Fatick,2016-09-01,373734.0,1.0,302725.0,56060.0,14949.0,0.0,0.0,14949.0
Fatick,Foundiougne,2016-09-01,307851.0,1.0,258595.0,43099.0,6157.0,0.0,0.0,6157.0
Fatick,Gossas,2016-09-01,105448.0,2.0,73814.0,26362.0,5272.0,0.0,0.0,5272.0
Diourbel,Bambey,2016-09-01,328254.0,2.0,219930.0,88629.0,19695.0,0.0,0.0,19695.0
Diourbel,Diourbel,2016-09-01,293989.0,2.0,208732.0,70557.0,14699.0,0.0,0.0,14699.0
Diourbel,Mbacke,2016-09-01,1019108.0,2.0,754140.0,224204.0,40764.0,0.0,0.0,40764.0
Dakar,Rufisque,2017-09-01,567826.0,1.0,476974.0,90852.0,0.0,0.0,0.0,0.0
Diourbel,Bambey,2017-09-01,349282.0,1.0,293397.0,55885.0,0.0,0.0,0.0,0.0
Diourbel,Diourbel,2017-09-01,312822.0,2.0,244001.0,62564.0,6256.0,0.0,0.0,6256.0
Diourbel,Mbacke,2017-09-01,1084393.0,1.0,921734.0,162659.0,0.0,0.0,0.0,0.0
Fatick,Fatick,2017-09-01,399499.0,1.0,323594.0,71910.0,3995.0,0.0,0.0,3995.0
Fatick,Foundiougne,2017-09-01,329074.0,1.0,279713.0,49361.0,0.0,0.0,0.0,0.0
Fatick,Gossas,2017-09-01,112717.0,2.0,76648.0,29306.0,6763.0,0.0,0.0,6763.0
Kaffrine,Birkelane,2017-09-01,121204.0,1.0,105447.0,14544.0,1212.0,0.0,0.0,1212.0
Kaffrine,Kaffrine,2017-09-01,248685.0,1.0,206409.0,42276.0,0.0,0.0,0.0,0.0
Kaffrine,Koungheul,2017-09-01,195712.0,1.0,162441.0,33271.0,0.0,0.0,0.0,0.0
Kaffrine,Malem Hodar,2017-09-01,113355.0,2.0,83883.0,28339.0,1134.0,0.0,0.0,1134.0
Kaolack,Guinguineo,2017-09-01,134307.0,1.0,112818.0,18803.0,2686.0,0.0,0.0,2686.0
Kaolack,Kaolack,2017-09-01,569912.0,1.0,495823.0,68389.0,5699.0,0.0,0.0,5699.0
Kaolack,Nioro Du Rip,2017-09-01,416186.0,1.0,345434.0,66590.0,4162.0,0.0,0.0,4162.0
Kedougou,Kedougou,2017-09-01,92484.0,2.0,55490.0,32369.0,4624.0,0.0,0.0,4624.0
Kedougou,Salemata,2017-09-01,26042.0,2.0,13021.0,11198.0,1823.0,0.0,0.0,1823.0
Kedougou,Saraya,2017-09-01,59743.0,2.0,32261.0,23300.0,4182.0,0.0,0.0,4182.0
Kolda,Kolda,2017-09-01,286695.0,2.0,172017.0,100343.0,14335.0,0.0,0.0,14335.0
Kolda,Medina Yoro Foulah,2017-09-01,160933.0,1.0,130356.0,28968.0,1609.0,0.0,0.0,1609.0
Kolda,Velingara,2017-09-01,324447.0,2.0,171957.0,129779.0,22711.0,0.0,0.0,22711.0
Louga,Kebemer,2017-09-01,297673.0,2.0,217301.0,77395.0,2977.0,0.0,0.0,2977.0
Louga,Linguere,2017-09-01,277928.0,1.0,233460.0,41689.0,2779.0,0.0,0.0,2779.0
Louga,Louga,2017-09-01,428801.0,2.0,304449.0,120064.0,4288.0,0.0,0.0,4288.0
Matam,Kanel,2017-09-01,288463.0,2.0,135578.0,106731.0,46154.0,0.0,0.0,46154.0
Matam,Matam,2017-09-01,329587.0,2.0,191160.0,98876.0,39550.0,0.0,0.0,39550.0
Matam,Ranerou,2017-09-01,62035.0,2.0,31018.0,21712.0,9305.0,0.0,0.0,9305.0
Saint Louis,Dagana,2017-09-01,275483.0,2.0,214877.0,55097.0,5510.0,0.0,0.0,5510.0
Saint Louis,Podor,2017-09-01,422581.0,2.0,283129.0,92968.0,46484.0,0.0,0.0,46484.0
Saint Louis,Saint Louis,2017-09-01,337945.0,1.0,300771.0,37174.0,0.0,0.0,0.0,0.0
Sedhiou,Bounkiling,2017-09-01,171809.0,1.0,140883.0,25771.0,5154.0,0.0,0.0,5154.0
Sedhiou,Goudomp,2017-09-01,184234.0,1.0,162126.0,18423.0,3685.0,0.0,0.0,3685.0
Sedhiou,Sedhiou,2017-09-01,178611.0,1.0,144675.0,28578.0,5358.0,0.0,0.0,5358.0
Tambacounda,Bakel,2017-09-01,165520.0,2.0,120830.0,41380.0,3310.0,0.0,0.0,3310.0
Tambacounda,Goudiry,2017-09-01,136890.0,2.0,91716.0,41067.0,4107.0,0.0,0.0,4107.0
Tambacounda,Koumpentoum,2017-09-01,153083.0,1.0,130121.0,22962.0,0.0,0.0,0.0,0.0
Tambacounda,Tambacounda,2017-09-01,356582.0,2.0,231778.0,114106.0,10697.0,0.0,0.0,10697.0
Thies,Mbour,2017-09-01,766432.0,1.0,651467.0,114965.0,0.0,0.0,0.0,0.0
Thies,Thies,2017-09-01,765213.0,1.0,650431.0,114782.0,0.0,0.0,0.0,0.0
Thies,Tivaouane,2017-09-01,518120.0,2.0,362684.0,145074.0,10362.0,0.0,0.0,10362.0
Ziguinchor,Bignona,2017-09-01,294912.0,1.0,262472.0,23593.0,8847.0,0.0,0.0,8847.0
Ziguinchor,Oussouye,2017-09-01,56438.0,1.0,48537.0,6773.0,1129.0,0.0,0.0,1129.0
Ziguinchor,Ziguinchor,2017-09-01,289904.0,1.0,243519.0,40587.0,5798.0,0.0,0.0,5798.0
Kedougou,Salemata,2018-09-01,26920.0,1.0,22074.0,4307.0,538.0,0.0,0.0,538.0
Kedougou,Kedougou,2018-09-01,95599.0,1.0,81259.0,11472.0,2868.0,0.0,0.0,2868.0
Kedougou,Saraya,2018-09-01,61756.0,1.0,50022.0,10499.0,1235.0,0.0,0.0,1235.0
Ziguinchor,Ziguinchor,2018-09-01,299364.0,1.0,254459.0,44905.0,0.0,0.0,0.0,0.0
Ziguinchor,Bignona,2018-09-01,304535.0,1.0,274082.0,30454.0,0.0,0.0,0.0,0.0
Ziguinchor,Oussouye,2018-09-01,58280.0,1.0,53035.0,5245.0,0.0,0.0,0.0,0.0
Kolda,Kolda,2018-09-01,295795.0,2.0,227762.0,62117.0,5916.0,0.0,0.0,5916.0
Kolda,Medina Yoro Foulah,2018-09-01,166042.0,2.0,129513.0,31548.0,4981.0,0.0,0.0,4981.0
Kolda,Velingara,2018-09-01,334746.0,1.0,297924.0,36822.0,0.0,0.0,0.0,0.0
Sedhiou,Sedhiou,2018-09-01,184742.0,1.0,155183.0,27711.0,1847.0,0.0,0.0,1847.0
Sedhiou,Bounkiling,2018-09-01,177706.0,1.0,159935.0,17771.0,0.0,0.0,0.0,0.0
Sedhiou,Goudomp,2018-09-01,190557.0,1.0,167690.0,22867.0,0.0,0.0,0.0,0.0
Fatick,Fatick,2018-09-01,413302.0,1.0,371972.0,37197.0,4133.0,0.0,0.0,4133.0
Fatick,Foundiougne,2018-09-01,340444.0,1.0,306400.0,34044.0,0.0,0.0,0.0,0.0
Fatick,Gossas,2018-09-01,116612.0,1.0,101452.0,13993.0,1166.0,0.0,0.0,1166.0
Kaffrine,Kaffrine,2018-09-01,257696.0,1.0,234503.0,20616.0,2577.0,0.0,0.0,2577.0
Kaffrine,Birkelane,2018-09-01,125596.0,1.0,109269.0,13816.0,2512.0,0.0,0.0,2512.0
Kaffrine,Koungheul,2018-09-01,202803.0,1.0,186579.0,14196.0,2028.0,0.0,0.0,2028.0
Kaffrine,Malem Hodar,2018-09-01,117462.0,1.0,105716.0,10572.0,1175.0,0.0,0.0,1175.0
Tambacounda,Bakel,2018-09-01,171521.0,1.0,156084.0,12006.0,3430.0,0.0,0.0,3430.0
Tambacounda,Tambacounda,2018-09-01,369510.0,1.0,314084.0,40646.0,14780.0,0.0,0.0,14780.0
Tambacounda,Goudiry,2018-09-01,141853.0,1.0,123412.0,14185.0,4256.0,0.0,0.0,4256.0
Tambacounda,Koumpentoum,2018-09-01,158634.0,1.0,130080.0,20622.0,7932.0,0.0,0.0,7932.0
Dakar,Rufisque,2018-09-01,583774.0,1.0,502046.0,81728.0,0.0,0.0,0.0,0.0
Louga,Kebemer,2018-09-01,306043.0,1.0,254016.0,52027.0,0.0,0.0,0.0,0.0
Louga,Linguere,2018-09-01,285743.0,2.0,200020.0,80008.0,5715.0,0.0,0.0,5715.0
Louga,Louga,2018-09-01,440859.0,1.0,374730.0,66129.0,0.0,0.0,0.0,0.0
Matam,Matam,2018-09-01,342164.0,2.0,266888.0,68433.0,6843.0,0.0,0.0,6843.0
Matam,Kanel,2018-09-01,299471.0,2.0,233587.0,59894.0,5989.0,0.0,0.0,5989.0
Matam,Ranerou,2018-09-01,64402.0,2.0,45725.0,14168.0,4508.0,0.0,0.0,4508.0
Saint Louis,Dagana,2018-09-01,282804.0,1.0,243211.0,39593.0,0.0,0.0,0.0,0.0
Saint Louis,Podor,2018-09-01,433811.0,1.0,368739.0,65072.0,0.0,0.0,0.0,0.0
Saint Louis,Saint Louis,2018-09-01,346926.0,1.0,305295.0,41631.0,0.0,0.0,0.0,0.0
Diourbel,Diourbel,2018-09-01,322762.0,2.0,242072.0,74235.0,6455.0,0.0,0.0,6455.0
Diourbel,Bambey,2018-09-01,360380.0,1.0,302719.0,54057.0,3604.0,0.0,0.0,3604.0
Diourbel,Mbacke,2018-09-01,1118849.0,1.0,1006964.0,111885.0,0.0,0.0,0.0,0.0
Thies,Mbour,2018-09-01,787349.0,1.0,645626.0,141723.0,0.0,0.0,0.0,0.0
Thies,Thies,2018-09-01,786097.0,1.0,668182.0,117915.0,0.0,0.0,0.0,0.0
Thies,Tivaouane,2018-09-01,532261.0,1.0,447099.0,85162.0,0.0,0.0,0.0,0.0
Kaolack,Kaolack,2018-09-01,587730.0,1.0,499570.0,88160.0,0.0,0.0,0.0,0.0
Kaolack,Nioro Du Rip,2018-09-01,429198.0,1.0,360526.0,68672.0,0.0,0.0,0.0,0.0
Kaolack,Guinguineo,2018-09-01,138506.0,1.0,113575.0,24931.0,0.0,0.0,0.0,0.0
Kolda,Kolda,2019-09-01,295795.0,1.0,245510.0,38453.0,11832.0,0.0,0.0,11832.0
Kolda,Medina Yoro Foulah,2019-09-01,171340.0,1.0,145639.0,18847.0,6854.0,0.0,0.0,6854.0
Kolda,Velingara,2019-09-01,345426.0,1.0,279795.0,48360.0,17271.0,0.0,0.0,17271.0
Sedhiou,Bounkiling,2019-09-01,183842.0,1.0,154427.0,23899.0,5515.0,0.0,0.0,5515.0
Sedhiou,Goudomp,2019-09-01,190557.0,1.0,156257.0,26678.0,7622.0,0.0,0.0,7622.0
Sedhiou,Sedhiou,2019-09-01,191120.0,1.0,154807.0,28668.0,7645.0,0.0,0.0,7645.0
Ziguinchor,Bignona,2019-09-01,314549.0,1.0,261076.0,44037.0,9436.0,0.0,0.0,9436.0
Ziguinchor,Oussouye,2019-09-01,60196.0,1.0,50565.0,7224.0,2408.0,0.0,0.0,2408.0
Ziguinchor,Ziguinchor,2019-09-01,309207.0,1.0,259734.0,40197.0,9276.0,0.0,0.0,9276.0
Tambacounda,Bakel,2019-09-01,177766.0,1.0,149323.0,23110.0,5333.0,0.0,0.0,5333.0
Tambacounda,Goudiry,2019-09-01,147018.0,1.0,120555.0,23523.0,2940.0,0.0,0.0,2940.0
Kedougou,Kedougou,2019-09-01,98836.0,1.0,80057.0,13837.0,4942.0,0.0,0.0,4942.0
Tambacounda,Koumpentoum,2019-09-01,164409.0,1.0,138104.0,24661.0,1644.0,0.0,0.0,1644.0
Dakar,Rufisque,2019-09-01,599843.0,1.0,503868.0,89976.0,5998.0,0.0,0.0,5998.0
Kedougou,Salemata,2019-09-01,27831.0,2.0,19203.0,6401.0,2226.0,0.0,0.0,2226.0
Kedougou,Saraya,2019-09-01,63846.0,1.0,52354.0,9577.0,1915.0,0.0,0.0,1915.0
Tambacounda,Tambacounda,2019-09-01,382963.0,1.0,314030.0,65104.0,3830.0,0.0,0.0,3830.0
Louga,Kebemer,2019-09-01,306043.0,1.0,266257.0,24483.0,15302.0,0.0,0.0,15302.0
Louga,Linguere,2019-09-01,285743.0,1.0,237167.0,37147.0,11430.0,0.0,0.0,11430.0
Louga,Louga,2019-09-01,440859.0,1.0,387956.0,48494.0,4409.0,0.0,0.0,4409.0
Matam,Kanel,2019-09-01,299471.0,1.0,242572.0,44921.0,11979.0,0.0,0.0,11979.0
Matam,Matam,2019-09-01,342164.0,2.0,266888.0,65011.0,6843.0,3422.0,0.0,10265.0
Matam,Ranerou,2019-09-01,64402.0,2.0,48302.0,11592.0,3220.0,1288.0,0.0,4508.0
Saint Louis,Dagana,2019-09-01,282804.0,1.0,243211.0,33936.0,5656.0,0.0,0.0,5656.0
Saint Louis,Podor,2019-09-01,433811.0,2.0,342711.0,65072.0,21691.0,4338.0,0.0,26029.0
Saint Louis,Saint Louis,2019-09-01,346926.0,1.0,322641.0,17346.0,6939.0,0.0,0.0,6939.0
Fatick,Fatick,2019-09-01,413302.0,1.0,355440.0,53729.0,4133.0,0.0,0.0,4133.0
Fatick,Foundiougne,2019-09-01,340444.0,1.0,299591.0,37449.0,3404.0,0.0,0.0,3404.0
Fatick,Gossas,2019-09-01,116612.0,1.0,94456.0,18658.0,3498.0,0.0,0.0,3498.0
Kaolack,Guinguineo,2019-09-01,138506.0,1.0,113575.0,22161.0,2770.0,0.0,0.0,2770.0
Kaolack,Kaolack,2019-09-01,587730.0,1.0,251556.0,44921.0,2995.0,0.0,0.0,2995.0
Thies,Mbour,2019-09-01,787349.0,1.0,637753.0,125976.0,23620.0,0.0,0.0,23620.0
Kaolack,Nioro Du Rip,2019-09-01,419198.0,1.0,360510.0,54496.0,4192.0,0.0,0.0,4192.0
Thies,Thies,2019-09-01,786097.0,1.0,652461.0,117915.0,15722.0,0.0,0.0,15722.0
Diourbel,Bambey,2019-09-01,360380.0,1.0,295512.0,54057.0,10811.0,0.0,0.0,10811.0
Diourbel,Diourbel,2019-09-01,322762.0,1.0,267892.0,48414.0,6455.0,0.0,0.0,6455.0
Kaffrine,Kaffrine,2019-09-01,257696.0,1.0,208734.0,30924.0,15462.0,2577.0,0.0,18039.0
Kaffrine,Koungheul,2019-09-01,202803.0,2.0,152102.0,42589.0,8112.0,0.0,0.0,8112.0
Kaffrine,Malem Hodar,2019-09-01,117462.0,1.0,95144.0,18794.0,3524.0,0.0,0.0,3524.0
Diourbel,Mbacke,2019-09-01,1118849.0,1.0,906268.0,179016.0,33565.0,0.0,0.0,33565.0
Kaffrine,Birkelane,2019-09-01,125596.0,1.0,104245.0,17583.0,3768.0,0.0,0.0,3768.0
Thies,Tivaouane,2019-09-01,532261.0,2.0,404518.0,59159.0,11832.0,0.0,0.0,11832.0
Dakar,Dakar,2020-09-01,1400974.0,2.0,1008701.0,322224.0,70049.0,0.0,0.0,70049.0
Dakar,Guediawaye,2020-09-01,413844.0,1.0,351767.0,49661.0,12415.0,0.0,0.0,12415.0
Dakar,Pikine,2020-09-01,1431216.0,1.0,1245158.0,143122.0,42936.0,0.0,0.0,42936.0
Dakar,Rufisque,2020-09-01,599843.0,1.0,509867.0,89976.0,0.0,0.0,0.0,0.0
Diourbel,Bambey,2020-09-01,383799.0,1.0,314715.0,57570.0,11514.0,0.0,0.0,11514.0
Diourbel,Diourbel,2020-09-01,343736.0,2.0,250927.0,75622.0,17187.0,0.0,0.0,17187.0
Diourbel,Mbacke,2020-09-01,1191556.0,1.0,1036654.0,154902.0,0.0,0.0,0.0,0.0
Fatick,Fatick,2020-09-01,442871.0,2.0,318867.0,97432.0,26572.0,0.0,0.0,26572.0
Fatick,Foundiougne,2020-09-01,364800.0,1.0,317376.0,47424.0,0.0,0.0,0.0,0.0
Fatick,Gossas,2020-09-01,124955.0,1.0,101214.0,21242.0,2499.0,0.0,0.0,2499.0
Kaffrine,Birkelane,2020-09-01,130129.0,2.0,89789.0,32532.0,7808.0,0.0,0.0,7808.0
Kaffrine,Kaffrine,2020-09-01,266997.0,1.0,218938.0,42720.0,5340.0,0.0,0.0,5340.0
Kaffrine,Koungheul,2020-09-01,210123.0,1.0,180706.0,23114.0,6304.0,0.0,0.0,6304.0
Kaffrine,Malem Hodar,2020-09-01,121701.0,1.0,102229.0,19472.0,0.0,0.0,0.0,0.0
Kaolack,Guinguineo,2020-09-01,147295.0,1.0,123728.0,22094.0,1473.0,0.0,0.0,1473.0
Kaolack,Kaolack,2020-09-01,625022.0,1.0,575020.0,50002.0,0.0,0.0,0.0,0.0
Kaolack,Nioro Du Rip,2020-09-01,456430.0,1.0,392530.0,63900.0,0.0,0.0,0.0,0.0
Kedougou,Kedougou,2020-09-01,98836.0,1.0,82034.0,14825.0,1977.0,0.0,0.0,1977.0
Kedougou,Salemata,2020-09-01,28777.0,2.0,15827.0,8921.0,3741.0,288.0,0.0,4029.0
Kedougou,Saraya,2020-09-01,66017.0,2.0,43571.0,14524.0,7262.0,660.0,0.0,7922.0
Kolda,Kolda,2020-09-01,315018.0,1.0,255165.0,50403.0,9451.0,0.0,0.0,9451.0
Kolda,Medina Yoro Foulah,2020-09-01,176832.0,1.0,148539.0,22988.0,5305.0,0.0,0.0,5305.0
Kolda,Velingara,2020-09-01,356499.0,2.0,267374.0,78430.0,10695.0,0.0,0.0,10695.0
Louga,Kebemer,2020-09-01,314627.0,2.0,239117.0,53487.0,22024.0,0.0,0.0,22024.0
Louga,Linguere,2020-09-01,293757.0,2.0,246756.0,44064.0,2938.0,0.0,0.0,2938.0
Louga,Louga,2020-09-01,453223.0,2.0,371643.0,72516.0,9064.0,0.0,0.0,9064.0
Matam,Kanel,2020-09-01,322609.0,2.0,200018.0,90331.0,32261.0,0.0,0.0,32261.0
Matam,Matam,2020-09-01,368601.0,3.0,147440.0,129010.0,81092.0,11058.0,0.0,92150.0
Matam,Ranerou,2020-09-01,69378.0,2.0,31914.0,24282.0,11794.0,1388.0,0.0,13182.0
Saint Louis,Dagana,2020-09-01,297973.0,1.0,265196.0,29797.0,2980.0,0.0,0.0,2980.0
Saint Louis,Podor,2020-09-01,457079.0,2.0,361092.0,77703.0,18283.0,0.0,0.0,18283.0
Saint Louis,Saint Louis,2020-09-01,365534.0,1.0,321670.0,43864.0,0.0,0.0,0.0,0.0
Sedhiou,Bounkiling,2020-09-01,190227.0,1.0,161693.0,28534.0,0.0,0.0,0.0,0.0
Sedhiou,Goudomp,2020-09-01,203984.0,2.0,144829.0,46916.0,12239.0,0.0,0.0,12239.0
Sedhiou,Sedhiou,2020-09-01,197758.0,1.0,162162.0,31641.0,3955.0,0.0,0.0,3955.0
Tambacounda,Bakel,2020-09-01,177766.0,1.0,143990.0,28443.0,5333.0,0.0,0.0,5333.0
Tambacounda,Goudiry,2020-09-01,147018.0,1.0,136727.0,10291.0,0.0,0.0,0.0,0.0
Tambacounda,Koumpentoum,2020-09-01,170418.0,2.0,102251.0,47717.0,20450.0,0.0,0.0,20450.0
Tambacounda,Tambacounda,2020-09-01,396960.0,1.0,341386.0,43666.0,11909.0,0.0,0.0,11909.0
Thies,Mbour,2020-09-01,830495.0,1.0,764055.0,66440.0,0.0,0.0,0.0,0.0
Thies,Thies,2020-09-01,829174.0,1.0,704798.0,124376.0,0.0,0.0,0.0,0.0
Thies,Tivaouane,2020-09-01,561428.0,1.0,505285.0,56143.0,0.0,0.0,0.0,0.0
Ziguinchor,Bignona,2020-09-01,324943.0,2.0,214462.0,90984.0,19497.0,0.0,0.0,19497.0
Ziguinchor,Oussouye,2020-09-01,62185.0,1.0,52235.0,8084.0,1866.0,0.0,0.0,1866.0
Ziguinchor,Ziguinchor,2020-09-01,309207.0,1.0,284470.0,24737.0,0.0,0.0,0.0,0.0
