uuid,Predicted Yield (T/ha)
0003a9b4-9afb-4ff0-8efa-0fabbdb83ccb,0.8194224834442139
000be421-3444-486e-8d1c-23514be2cbde,0.8120416402816772
0139318c-52a7-4b72-9c73-374168f46200,1.1323908567428589
016476e7-f902-4866-b9af-f78bb26b8e3d,1.0421290397644043
01b4707d-12bb-4b6b-9f63-14a49420eced,1.143784761428833
02717891-af80-4bed-9985-843f248d457e,0.8281694054603577
02af83d1-8d49-43e5-ba09-ebb17abd3dc4,0.2703569829463959
02ba5955-d08b-4644-9097-8b311d546d02,0.5975127816200256
02e6550d-ea21-4a21-9553-522cd15544ce,0.7140056490898132
030f9eea-dcba-4447-bdbd-7db1b2421d3e,0.8827847838401794
04db4c36-8660-44ad-8212-59d2fa46ee66,0.3654994070529938
05d54f9c-9a72-4c92-879f-bd41f10f1ab9,1.0414990186691284
061e1bff-3252-4f6c-9986-c5e8f3b82765,0.6082467436790466
068f6ef8-ad8c-4c4d-a149-ee3c0acac03c,0.9399492144584656
0699c390-a255-4378-9859-1fcc04b5caed,0.6127133965492249
06bb490a-5c06-4e97-9985-a9744b37fa1d,0.9485277533531189
06cfcab7-9b8b-42cf-a224-e5140f4ae57d,0.7723850011825562
06fa329c-f3b7-4061-8653-8895b56a82dd,0.8469982743263245
0719ee67-3c18-42de-a8b6-f31a193f809d,0.5082324743270874
071f9e10-7c6a-4ac9-8b6c-c5e588cf5d53,0.5664526224136353
07e2fb9d-fcd5-4ef3-a72f-95bd63c30c3c,0.9223671555519104
086ebff5-a73d-4a0f-96d5-c572d5970ff2,0.4436909854412079
08c10ba0-798e-4189-a5a9-9c97d97a8b14,1.1292105913162231
091547da-68b3-4d6f-8809-29beaa57c928,0.7157943248748779
0942f131-c812-42d8-8141-a7c1f29a8be2,1.1747294664382935
097c5b8e-3d30-4433-9784-66174cc38aa4,0.4840409457683563
09b1a35c-c2b0-4b28-bc79-3b5ea0f8faac,0.8428502678871155
0a4ac0c4-e2dd-44b3-924a-dc82c09f065e,0.6800384521484375
0ab151cc-d100-48f3-8571-1fd8d3a88245,1.1522738933563232
0ab7a9b2-5157-46d9-bdad-929c56855abb,0.5535271763801575
0ac79a00-4625-44ce-9652-34596c8a6fee,0.621533989906311
0babf72d-6892-4484-88b0-7fd56a8cdb53,1.3038121461868286
0bad4ae9-4c48-41b2-8d40-460951fbedcf,0.9925517439842224
0bc3fca3-7f8b-42de-965d-4d4fa8de587f,1.0909606218338013
0bee46a3-5e80-4826-8c58-39cce66aad61,0.6810492873191833
0bf0b565-e760-43ba-8930-3685c90ccaf2,0.5056272149085999
0c0da2dd-2a35-456e-9704-c3c0b7473ab7,0.5059378743171692
0c471143-c520-4094-8e05-fa5bb940bbc2,0.524419903755188
0cb6634c-9612-48d0-a09b-b5c2beeb89f4,0.656135082244873
0d4d1887-fbd6-48c3-aabc-f39d3addca28,0.5209148526191711
0eb8cb97-b763-44d1-b381-5a24ad73b04f,1.0080562829971313
0f4bff8e-18a5-43af-b8c3-5805993e8abb,0.8983776569366455
0f637b59-05d4-43ad-9779-406ceb836c47,1.0640244483947754
0f9a0c43-9f9e-4a11-846e-103b79eab1c6,1.0736218690872192
0fe6444e-e0cc-41f2-bf9e-2adb50ac5043,1.2215954065322876
107e9338-3e71-4df5-86b1-93f2c8e57863,0.9449778199195862
10cdaffa-c1b8-4676-964e-920ba980799d,0.9790564179420471
1170d5d3-1713-4282-9226-8f29a1f43c1c,-0.08341377228498459
11a62d11-5658-40f9-a664-440b475dc8ca,0.9623604416847229
12014028-b492-42e2-9e85-82ef976738b1,0.7696090936660767
12602235-d79b-4038-aaba-5e2f4c9181bb,0.7912060022354126
1327cddc-7ed7-4be7-b5bc-3a233c103b2a,0.8113176226615906
136a3e7d-8da3-4fc7-ad51-2cd338b9e41d,0.8698683381080627
13a22578-0ad0-43e6-b03f-ee953c4833a4,1.2138328552246094
1415e4ff-51cd-4130-920f-60c390acc8e4,0.8097423911094666
1437265c-9dfc-4190-be65-d8b4cdde03b5,1.0069236755371094
14af9397-037a-4431-8a4e-32b60caf69d4,0.8526445627212524
14e877f9-988c-4a78-8e65-e8932b55474b,0.7283912897109985
15243bad-a7f7-4a80-856b-78d0f7b12dbc,0.9419994354248047
15329a03-e829-448b-8bbd-c3742806cab8,1.046781301498413
15487435-b461-4639-aa6a-ba64e1881a63,0.803885817527771
15afa4cd-6de3-454f-bf28-babc1f588872,1.3205159902572632
15d478ba-a5d7-4d3f-9ea3-7cb4c3904266,0.5566827654838562
160433da-16a4-4fc5-a50b-6a339ffd81c6,0.82098388671875
1614b9dd-c32b-4e16-9b19-7d79e01b8168,0.866101861000061
1618d9c8-affb-4d78-8b35-dfc00f178fd8,0.6501498222351074
164427cd-fcd3-4097-a416-bc8072d3e7c4,0.5389724373817444
16ab9e96-31e7-47e5-b489-b2f15ca402bf,0.8782562613487244
170223cb-9b72-4053-9ca6-2741fe9b553c,0.8782005310058594
1758b091-eac0-4233-8542-249b92698fa5,0.7207361459732056
17dbbf54-eaaf-49ad-8d35-b9962dfac1f4,1.074865698814392
185b4e9f-f892-4d75-a790-6208591b0ba6,0.6676991581916809
186702fa-0562-4531-aec5-8a3a7302a77e,0.797168493270874
18e1b2c2-c2e6-4a66-a738-61c328d3bf04,0.6819149255752563
19226fe2-457c-4e10-afe1-3ee9c877f16e,0.866163969039917
192e3648-403d-47ca-8c1c-a2eecf39d47c,0.94439297914505
19618bc8-a888-4d57-9711-66b3f66c83e6,0.9309070706367493
19a0f0c3-b66b-4ef2-af26-9c2d656d91e3,1.1700583696365356
19c3782c-6970-4b26-8a56-078b1913128f,1.0925039052963257
19ce6eba-c672-4dbc-86c9-1b35c90c2fed,0.5835891366004944
1a1b69d0-0656-41e7-a967-164e0143d264,1.024288296699524
1a5a7516-78c1-4dd0-b981-15706aef33a6,0.785688579082489
1aa66887-1a08-4f9e-a508-ad13bc10a1fd,0.8302187323570251
1b0c8960-e28f-461f-8209-fd5a90327be2,0.7640088796615601
1bfedc33-3ba1-406e-9b67-4f51504b3f34,1.133415699005127
1c55160f-0138-44be-a3ba-8e7e11106d2c,0.9342698454856873
1c94e33b-ed6e-4c13-ab5d-3b9a4ec2188f,0.6821500658988953
1d034bba-2434-4e0f-9048-440c1b5f8186,0.7624661922454834
1e27f575-56e8-4dc1-997e-ec2ed5c639d3,0.8691085577011108
1e3dc2fb-2752-4e46-9b54-c1a807ca7527,1.1008532047271729
1e8e28be-1a7f-45ea-bcdb-1dc3fe5f55d6,0.355941504240036
1e94fc6c-0da8-4813-89e9-74f6c721e0fb,0.6798214316368103
1eb14971-f79c-457f-9136-900ae518d0ab,0.8972171545028687
1ee8667c-09cc-4161-8600-7e9f76fcf850,0.6061096787452698
1ef18436-f99a-4129-8add-2ca2b809230b,0.8205773830413818
1f028092-64df-4d1e-9161-2c5cc78d2e12,0.6911130547523499
1f5356e8-cd21-48a7-8b27-3b461fbf82c2,0.3394949734210968
1f64bc34-fcd4-4877-a5b1-0fd8c4a1ac88,0.9540825486183167
1f9c3dfa-efc4-459b-8734-66302758f357,1.0213252305984497
1fe2c105-5cc0-4942-9144-9868be17304a,0.6538833379745483
2039dce8-2642-4aff-958b-6865ec48fbc7,0.626451313495636
20412156-001e-4d9a-ac1e-5f27f2e76696,0.9287608861923218
20c12693-979c-4331-b40d-2017b8eaee09,0.5567678809165955
20ee0e3a-b5a6-4a4c-b320-38f822fdf769,0.36742591857910156
21d71de3-bf81-460a-9e82-eb049822e17e,0.638225257396698
224826a8-8636-45f0-a8a6-3d63f75b0118,0.9865763187408447
22a2534f-1d1f-41b6-b358-db3e42b69fda,0.8816095590591431
2355636b-7815-4da7-83db-1e982702a986,0.5343878269195557
242096ab-621c-48db-8971-ad08644f222d,0.9130354523658752
242fb191-b595-4416-b862-c55dfda5537e,1.051731824874878
24393ffe-7759-497c-853d-82aac03b0259,0.6336527466773987
243e1637-133d-4dc8-a05b-24cade025780,0.7297515273094177
25ce8481-bbb6-45bf-9eaa-e9d2adbbd26f,0.8697288036346436
25f18c8b-c9b4-4190-a856-34ff5934bd88,0.8777880072593689
260ca2d7-a6cb-4433-826d-e61af74e4f6a,0.5726296305656433
26690fff-b6d0-49d5-93b4-8ada59011695,0.9265381097793579
266ab80f-e1c7-4b76-9214-abf1e51bd58e,1.1688319444656372
26a0b16d-82cb-4a0d-8a40-2868928f5c5e,1.526687502861023
26d017d7-17c5-4eae-9231-7fddf5d1a7cd,0.9249796271324158
26ee8119-5cee-4a35-8796-2fb68e093217,0.33346128463745117
274d1ca2-7e6b-47b0-9af3-5df50130982a,0.8419672250747681
27667a01-feb7-4b4c-a86b-a5b807f80bae,0.8615879416465759
29798c61-b931-40e9-8995-6ceaf1d93237,0.8210525512695312
298e6a3a-3414-4a15-88be-134df4ff833c,0.9976398944854736
29e1ec29-84b9-43a0-9432-417b55b727cf,0.560796856880188
29e49b97-500c-4415-9d67-3f9695a7c6ef,1.0321780443191528
29fdb10a-d7aa-4100-b11a-c3ead2f685f1,0.08806674182415009
2b082f99-f6e3-4b85-8b7c-78780576e2ad,0.43311262130737305
2b2335ec-3fc2-4d42-b582-953c8585a2a3,0.9311885833740234
2bb406b7-c0ec-478d-9370-1ad17de4f446,0.24203692376613617
2c3ae915-fd78-4b2c-81c3-db15b8410a48,0.5888499617576599
2c444341-4d40-4e16-bb08-e9694d62fc07,0.9081736207008362
2c766688-5e6d-43e2-b74b-14a857c8a34a,0.6344051957130432
2cab8d00-6ac4-46dd-a6e8-8ba686bf94ea,0.8062893152236938
2cd2366f-9187-4a16-a31a-a4432ae04582,0.5909170508384705
2d1ca780-23ae-4aad-87b0-9fea70b817b3,0.7932708263397217
2eb298e7-cb97-43ef-aecb-6543147228f3,1.0650322437286377
2ebe3b95-10a2-4532-971d-42990d85fd80,0.762146532535553
2f978599-028c-43ab-a8b2-56459a679644,0.7254760265350342
308dff15-1acb-4690-b34a-5c23bb3f220d,0.690890371799469
30ac6bf3-e84e-4015-bbe6-e422c3092392,0.28101006150245667
30c11fde-12fc-432d-b450-dcfa1cf1f114,0.909136176109314
3141ca88-0257-4f87-9431-b124664da601,1.0735440254211426
315091c9-f928-4b9d-94dd-d25b518f911c,0.5919797420501709
3259f6f1-c035-4135-8577-22e417ff8ec6,0.6278823614120483
32881445-1984-4d4d-8664-5b20edfd3c70,1.1375585794448853
328fb811-d698-4881-bc69-b39c6507f201,0.6164190769195557
3292a2d7-9cad-4d48-8fc0-5743cd9a39e4,0.8043122887611389
336562b8-fd59-47a7-8bb6-a7891c1ded57,0.6809411644935608
33dc712e-048e-4b06-94bd-7328909821d8,1.0701254606246948
33e0734e-7d48-4882-80e5-0265d8fd65f7,1.0129213333129883
34589105-d61e-4a8c-a475-f747d02ca82b,0.7775540947914124
34ec79ec-2a68-4003-b9da-162aece67e4c,0.8934917449951172
352584e3-8df6-4ef2-a90d-aa14cf1e9077,0.9512437582015991
35311bd8-4985-4d1b-bf22-760d1e72215e,0.3788764178752899
3535e492-9642-4478-a453-8516a1689de4,0.5830479264259338
35e4d0af-60b5-4215-acab-e8221ae78e1b,1.0184775590896606
3637e3dc-b683-47b6-a878-4515c588639a,1.1767722368240356
36781afb-6ea2-4c78-b48d-8b7a7ab56fcf,0.6649141907691956
36d160a0-aa4d-4bfe-8e7b-df3124ae55e7,0.6958555579185486
36fc7161-072a-4e01-b36e-eb8a4544a889,0.38468214869499207
37158f80-5e15-431d-94e1-77a6313b0123,0.8736484050750732
3727b282-811d-4ff3-ae08-ae6dc7bad768,0.7382321953773499
372d8d27-e417-4ba7-9e4f-31db880d3edc,0.8107015490531921
37320572-d122-4949-9d5f-9c380955dce3,0.37119829654693604
378f464d-38ee-421a-b04e-99e660e25e17,0.6083964109420776
379deabb-3667-4890-8356-b0d821ddf44f,0.9000861644744873
37ccc2d8-bda8-4f76-b327-2d498b0e50c2,1.231927514076233
3878928c-697a-4d70-8a86-16cdc75eff22,0.7144503593444824
388d3495-bb44-4821-94bd-b7aab6b98af0,1.0087381601333618
389bb711-720f-4b2b-bc55-aa88958da0f4,0.5642247796058655
38a9fe48-203e-4d0c-90fa-5a02c2ae5e12,0.7290680408477783
39813d0a-6b96-4c2b-8949-37dbfb54869f,0.7966105937957764
39cb8605-4695-4eea-8b3b-a1af7df74d63,0.964978814125061
3a484fd8-61e2-43dc-b910-27d72c137f66,0.9940069317817688
3a4d925e-9bf3-4bca-9ec8-4ad32effe5f7,0.697066068649292
3ac3f9f3-370d-4b5e-a67b-b0c8592fc27f,0.6918164491653442
3b675589-ae1d-4afb-84b5-25b75a4609f9,1.3929654359817505
3bc8434e-946a-4dd5-bd7d-6d536c9b3d80,1.1267451047897339
3c177b12-0a72-4644-867c-461c11ca0217,1.1607547998428345
3c748c17-34e8-49c7-ae4b-2f00c7a9a29d,0.8454466462135315
3d1da0f4-5155-4c89-988a-7c2bd00d5860,0.677882730960846
3d562047-49df-4e9c-81f3-e00caf57c49e,0.6232654452323914
3dd3f378-9339-447c-b5f9-70bc0ab63f00,0.7905382513999939
3e74e395-2dcf-499b-8ec4-4c009d499b98,0.8871837854385376
3f4d9e64-34f1-4537-a2e7-d1ad283c06c5,1.0658892393112183
3f597d6e-7eea-4acf-be13-9d26053ed9ef,0.5914833545684814
3fac41b9-6424-44bf-9995-34daf978f528,0.7670491933822632
3fd67f75-e429-47a2-bd7f-67329fff8c1a,0.22956056892871857
4005cfd8-0e53-4cdf-af28-40eda555f1a0,0.8510627746582031
4077b51f-98c7-4067-8354-83605e0f5a52,0.9905027747154236
4096d15b-5ba0-4626-8412-792bf3e7cf4b,0.8426965475082397
4109a7bb-c580-4edf-adb2-f41e2edc4467,1.0952845811843872
413a8aa2-7864-4f82-adde-4534d12749f6,0.7290177941322327
4178da42-c5fb-411b-a6f3-558bd67e098e,0.8631103038787842
41b73e00-ad3b-4c1e-924b-c40ec2f2e62f,0.7473165392875671
41fbff7c-5ee3-4cee-900b-e50d5517dd17,0.6454757452011108
433f85a7-ae85-4b80-a1c3-2f6d560ce346,0.3718797564506531
4382b044-3b57-4e49-a924-5cac154fc5b4,0.6436520218849182
43d3f592-5a41-40e9-87b6-8bf9ae251e4a,0.8416300415992737
44498f1a-668e-42e6-95c1-82eba259c14b,0.49628037214279175
44f504da-6c46-4cde-8edb-04a91fdda2df,0.7021589875221252
45824817-823d-4a2b-b048-20798a1951f1,0.9677663445472717
458e6c38-2d03-415e-b441-634274c6fd56,1.0082836151123047
45a88965-d2df-49a3-9af9-bf82a27ec967,0.30880022048950195
45ab1d44-443e-4ad1-8464-010c684bea51,0.6804035305976868
46884f9b-0faf-48dd-981f-9f3f6aee621e,0.7712156772613525
47046217-bc71-4251-ab1d-35b4ab6a7fe3,0.9526442885398865
47178a58-66b6-4829-9421-b0f2f27a902a,0.7672298550605774
473e2751-4776-45ad-9758-716514c3c7c4,0.4476206600666046
474aec4b-0c6e-4157-953c-db64959dc406,0.32161280512809753
47b78e64-c3f1-459b-9f6c-4eb79e195171,0.8919185400009155
47da4a22-5b95-48a9-849b-aff214e1c901,1.1947872638702393
47de7deb-3bb2-4801-abbb-2455affca982,0.6540427207946777
48632906-6287-4b7f-bafa-760a24839d2e,1.165212631225586
489914db-0dc3-44d7-8209-993b6aa1de81,0.6485190391540527
4930d8cb-8c9a-4b52-9cfe-52211a0a6339,0.8798490166664124
495d0eb0-3b91-4583-94b4-73c2c94249f3,1.4629944562911987
4a47cc95-bc91-4ac0-80cb-3ddf6beeb3df,0.5521825551986694
4a5a0b6c-0fbe-4b78-9423-1606aafaa122,0.4787091314792633
4a68e420-c65b-4a11-8511-df0ff9dd70a3,0.905674934387207
4b476ebd-5f9d-4a58-8c74-1dd006994df0,0.9635458588600159
4b70dfbc-c950-468b-9bfc-64b78b10ac1c,0.7957329154014587
4b72426f-373d-4f86-a260-344a3a9f775d,0.9836463332176208
4c0a8e26-6c88-4600-b79b-6475ad633012,0.7326335310935974
4c46a229-06a7-470d-80b5-d6993a369570,0.8112035989761353
4c5bdc53-3738-41df-977a-af81917362b3,1.450551986694336
4ca71a53-98a4-47e0-ac38-728ad4243840,0.36842191219329834
4cc40b43-6738-4a28-a869-9cd92533825a,0.5514936447143555
4dd22016-887b-4c6d-b285-c0b5691009af,1.0002309083938599
4e2458cd-4093-447f-bb9c-6dada6d5d86b,0.3170102536678314
4e8ed2d8-ff14-44cf-a1a4-c3eff8b03279,1.034932255744934
4f4c9575-2019-4757-9654-e2f6b2c69d29,0.9873388409614563
4fce0b2e-c94a-44fe-893c-3cc5b274dc36,0.8293383121490479
50258411-23d9-4725-917c-15aa2efe4ec8,0.2538888454437256
50867db0-e964-4c4d-8132-9c904e3ae963,0.421640008687973
50d71e54-e65c-48ca-9210-b99e37d74149,0.7678161263465881
51024b38-760e-42f3-8272-768531b4c849,0.6403229236602783
51268f8d-b544-49ef-9122-6a711750fbfe,0.7406893372535706
5157acdd-f2fd-452f-840b-3474a4380afd,0.6740890741348267
51bba6fc-97bb-45c0-af02-bdbd2edbf9bd,0.8806629180908203
51d6c76e-2a68-47e7-969f-ee523abe1034,0.775458574295044
52a8fc1e-824f-4978-b21d-9283121d204c,0.8621200323104858
52bbb739-1e7c-42ad-926f-21fb9a806d7c,0.5936095714569092
53850a0f-5539-446d-a4d3-bfd67b89cc8c,0.7878267765045166
53b0889d-34f6-4333-8327-6d1fcc865d3e,0.9633432030677795
53c82335-67ea-448a-9417-646ce2e906e7,0.704774796962738
543a1bf5-d2b9-46e0-95d1-bb3d5cbfbcc2,0.5245447158813477
54682c5d-fea8-4836-81c8-3aa22e0e3567,0.8330547213554382
54782ada-a5af-4653-a419-a9039e94ebe3,0.739153265953064
549403ee-80c0-4156-be45-9618c0ea5878,1.0674808025360107
56044865-550f-43ce-bb3e-43023f76b6f8,0.7601830959320068
562048e6-b14c-44e3-8228-609508f5d63b,1.0087627172470093
564d68f8-d12d-472f-925e-35849b2fbfb2,0.650288999080658
569471e0-3416-40f2-aa71-c428fa1810be,0.6015225052833557
5736630a-19cf-419a-973b-f08f4bfa0ac2,1.0057750940322876
57663b39-1db7-433e-bb0f-4418201e03e4,0.7881647348403931
578a6185-8e50-4164-9dc2-50a2a507eec8,0.7450314164161682
579db431-5d2c-417b-9832-15b4c6fb48f8,1.0707496404647827
579f28c6-9e29-4ae4-a2df-fb70eb91a465,0.6674606800079346
57b153ff-a300-42aa-9d38-917f54cb0c07,0.46375420689582825
57b38564-532c-46e6-b191-6064d535e030,0.8564158082008362
57b66a4b-6e36-4dbe-9252-977feac80d2f,0.8440400958061218
581cdf18-776d-42c8-81c4-08acc7af228a,0.4499388039112091
581ebd78-17a8-4d0d-ab55-45707e0438f6,0.40917959809303284
58adb155-cf2d-465d-900c-626310c52130,1.1401641368865967
59623331-fbfb-4292-ac61-944b12b9930f,0.8103113174438477
5a987bd1-33e3-4f4f-a800-6a781efb81cf,0.6452668905258179
5aa57388-2685-4cb2-ac05-3ebda01a3989,0.7697337865829468
5aa6d9da-a907-4f81-8741-1cc953f414be,0.8257738351821899
5b45887d-79c2-4d30-96eb-4eda5eb74476,0.6330851912498474
5bb05dcd-2603-4b63-96cf-a14b6897081e,0.2729710340499878
5bc753a5-d44d-4ac3-9623-a58dd16b548b,0.5163206458091736
5bf250f4-65e1-4bfd-9406-e9d74db58b42,0.5552513003349304
5c0e7c83-a445-4710-a7a7-7dbe63d92ba8,0.7333950400352478
5d1fe0f7-847d-484c-a46d-3cc7ac03458e,0.7490114569664001
5e0582bb-6348-45ba-98f1-14c7497603de,0.8699234127998352
5eee39a6-88c1-4475-9173-e204eb4cbcb5,1.1094633340835571
5eef87ac-6948-48d3-8180-0a28a6984470,0.98627108335495
5f7abaee-0031-4f80-9d59-dea13c70762b,0.9254358410835266
5fae09dc-32c4-42d9-bac5-0c50fb3cd16c,0.7479219436645508
5ff0b4dd-4273-4f50-b94f-a30d7cc7d55f,0.768862783908844
60749689-9de7-4a09-a3fb-496875e8f1dd,0.9099481701850891
60c2cd94-1c87-42de-9d13-1778acc77fd6,0.8188560009002686
615266dc-1c7f-4147-b190-2b3bb53073ad,0.8185266852378845
62523cef-80c0-44dd-ae01-62562034b1a0,0.7845621705055237
6291fc0e-a013-4a3a-8b2c-7c4e95b83efe,0.6606007814407349
62a691e8-6521-4ff1-a92d-66f2cb70270c,0.8786814212799072
63215089-710c-48bf-92cc-2638963cc399,0.6020324230194092
64ebdbc5-a6d0-496b-bbf6-932ceb185989,0.9039249420166016
65bd3613-f9df-4688-880b-99e95bd28b5d,0.8784627318382263
6643472d-65bc-4c98-91fc-0b2b764a8406,1.071355938911438
6649aeeb-668f-4674-89c1-fc4d9b9124f6,0.9486475586891174
668e727f-2d58-42da-bb7e-2169a9db48ca,0.36155539751052856
66c56a72-41de-4965-8096-4830569b6a44,1.1792035102844238
677e5dd9-1785-4110-a936-c02b1be3a331,0.9178371429443359
67c19d93-387a-46f2-9a74-30f288897390,0.5690077543258667
67d3d6ac-c1ab-417b-913f-8521bd4f8f83,1.0141620635986328
67ffb5f4-3ee1-4fac-a831-db1cabdae41c,0.513024091720581
68bc02a6-bcfe-475e-bb89-a7f136904a5d,0.9502272009849548
69384a4a-e335-49b5-90d2-2d5409580a93,0.7136924862861633
694bdfd1-0f69-426f-a7b5-06847edcf9c5,0.8913416266441345
695616ad-df8e-4ffe-af8f-079b68047091,0.9003852605819702
696a3b2b-1a31-48b7-a4e8-8b4f608f9852,0.6623029112815857
69facc51-dcbe-42f2-9c33-9865846b1a57,0.5358665585517883
6a032c3a-caad-4b15-9e91-e6269df1f192,0.7859023809432983
6a57b85f-fd2e-4b99-ae23-ad88c3d88d22,0.5821114778518677
6afb2d03-bf81-4686-a395-9b12c4b2bb15,0.851235568523407
6b4209ed-6f9e-4336-995d-1f657be4f240,0.8783683180809021
6b4ff8e7-4b71-43f4-9ec0-0e7885b40b26,0.5664100050926208
6b858f4a-2bc2-4937-a8a2-088761a4289b,0.137979194521904
6bb420b4-4db7-4699-a9d7-a0432bc8f80c,0.7311758399009705
6bd0f002-0bda-46c8-9936-70d7105ec954,0.48409271240234375
6c1ecf04-a1eb-4213-8847-0c4f83cb1618,0.864650309085846
6c72b984-7322-4fdc-a70f-0f773feb34a2,0.37875545024871826
6cfc3b2f-4f3b-4871-8e5f-fda2b70202d4,0.7964765429496765
6dbaf5cb-f8ba-4c4e-8130-252121087c82,0.6922231912612915
6dc1684a-7f2b-4866-966a-232a3e0d3d2d,0.573260486125946
6e4feea4-efc4-4641-8768-a5cec3fb067f,0.513246476650238
6e7dfd2d-c84e-459a-9190-c8c517b6614f,0.7818915843963623
6ead41f0-641f-4296-bc01-66b3d1c4a81b,1.161391019821167
6ecd387d-28ba-4d86-827d-4e6527ff2053,1.1709702014923096
6f882afd-cf98-4196-9d5d-c0ef365d5f45,0.8651668429374695
7029c4f0-f437-4e50-985d-89595cfbc5ba,0.5031360983848572
70c21030-5285-42c8-a983-3b6e396693f3,0.8700079321861267
70d14a8c-66c9-477f-aa50-de434383bd54,0.5961598753929138
710268ac-0d0a-4c70-bea9-ecfff057a1e3,1.033370852470398
71390add-96b3-4662-a9d7-9f1a1674f4f6,0.40450751781463623
718d7424-d696-441d-a9a0-3274bb7c72b6,0.5796751379966736
7193ab82-4313-40da-ba81-75a887c870d1,1.0911707878112793
71fea41b-89b9-46c6-b302-caadff402e53,1.2686679363250732
721496e4-cdd6-48aa-83a6-59e508113908,1.0244132280349731
726832bb-9205-4c4f-84e6-c401d688e996,0.74257493019104
728c2268-deda-465a-b201-e496807580ea,0.9822940826416016
72e0c0fd-9302-4969-9fe5-e6d9b1fecc4e,0.7855910658836365
72fd87b7-d613-4de0-af7f-b46d840aa319,0.804823100566864
730f3f15-f332-4cab-94f5-fd63d8232ba2,0.5953705310821533
732e5e80-720b-40ee-94b0-fa3a8b22e102,1.0710914134979248
7330bc72-a9be-4052-9c0a-21a3cfeb3467,1.002063274383545
735d7a89-c61a-40b8-8a3a-66d008dcbbbd,0.7982498407363892
73773501-f461-487e-8b98-900480fa7113,0.615584135055542
739fa7ab-67a5-41a2-9cb5-9b9edd56a845,1.0346394777297974
7413f73a-a04a-47fb-9aed-daabb29c3480,0.6023978590965271
74b6ef5a-f100-4b86-8234-7c08b3582e0f,0.6352668404579163
751fb0de-a796-431d-9ef7-21b420bddd7b,0.5042721033096313
7554b1e1-fd4d-4b80-a34a-7d6458a1758c,1.8391304016113281
75d1af89-dd3e-4374-b22d-e0626e090be6,0.9003611207008362
75ec4d89-83e0-4792-a730-c38c0af38595,0.8143277764320374
7640f301-34f5-4acb-a976-837671ad9a50,1.102065920829773
7728197c-76d0-4e2f-a5c9-a86d08327dac,0.7838089466094971
779b6787-aebc-421d-916f-18e7ae69fb31,0.40222975611686707
779fc0f6-8e31-4140-b094-f79d6c8a0f70,1.0508670806884766
77ad2657-7750-4895-8880-5f2c523f7a3f,0.8147556781768799
781db835-5f98-4040-b2c0-04e66d90dd1e,0.839943528175354
7858369f-7e40-43aa-b851-b12d82625274,0.7235795855522156
786e839c-29fd-4211-8f29-c7ab504acc27,1.0678753852844238
788183d1-85f0-41b4-87fe-1b9637232b4e,1.1001205444335938
78c4c05d-84f6-480a-ad4f-9356d54abd05,0.9751295447349548
79af2f04-f1db-4c26-9b2b-50cd66099423,0.6291217803955078
79cd57bf-fd95-442c-bcc6-2992795eb475,0.9300958514213562
7a1f4046-b763-4321-8cab-225eeee69678,0.6502260565757751
7acaee15-e37f-4b7b-b14b-99c0a01b901b,0.8876439929008484
7b12ad79-afa9-4c1f-ba38-307d75230921,0.5270441174507141
7b2394d1-5aea-48a8-af25-3cfa04c9036f,1.0466632843017578
7b3655de-4530-4427-9b07-82ca55b8fa09,0.47818171977996826
7b9d20d9-f93e-431a-af08-a34296ba41f0,0.7839769721031189
7bb78981-0962-4e43-8e9c-05e9fe69a957,0.6314588785171509
7bd68254-1c44-44df-b3fa-59ef1e9707be,0.9953014850616455
7c0690ef-8dad-41ac-8411-1ceeffbbef94,1.1349334716796875
7c311a6e-06dd-4ed9-8161-54ff63847a60,0.7806198000907898
7c5b8c33-7ac2-48a6-a395-7ee0ca81a249,0.9601171016693115
7cac494b-8c14-4fa1-adad-717db60d93e8,0.5622756481170654
7cbdac45-267c-42c0-a23d-6fb619bf0e8e,0.8174240589141846
7d360f2b-b2d2-4703-965b-1e66b38eb277,0.6221179962158203
7d6ca528-8a2f-4984-ae7e-3e878415e1f2,0.9614107012748718
7e615ce1-3b12-4b45-8844-620036544965,0.7930098176002502
7e91ba6e-354c-4399-9e5a-4420e31760e6,0.8073729872703552
7ed7be3d-a1b5-4c3b-ac76-0ba7fd4e10da,0.9023405313491821
7f0db895-22f9-4a13-9a5f-52c69a20715a,1.209561824798584
80f5ec44-39b5-4b33-a9e4-0d8d5f3e3310,0.9601955413818359
81042c1a-e714-4afb-b799-e0d46b5bfc72,0.7210928201675415
812e669b-abb5-472f-a958-231fcd2bd74a,0.6619513034820557
8171ffcc-28c5-40a3-960c-e60cb4dc6620,0.8486006259918213
8185dd8d-a892-427e-a03a-2b2c2082aeff,0.8498644232749939
8219a523-d2ff-48d8-8552-73840d71235c,0.7398513555526733
823c2cce-5ba0-4305-bde0-63c768cc6c36,1.0037474632263184
824a4d5f-cc48-45a3-bcfc-5b67d9931fe7,0.933803379535675
826c21e2-a192-4106-b39c-a5e7a90c599b,0.8942310810089111
82861885-f0b2-4a26-9da1-076304aabd87,1.0119297504425049
83100ef4-1c1f-41ee-bb98-02dbe3c52c43,1.267912745475769
8355253b-8c19-47b8-a523-fe304cffb0b4,1.2626252174377441
8367f66c-a1b3-4fac-b95e-cee66544ad2b,0.6435365080833435
837528c2-7cdb-4fff-8cb6-5bd667aaae19,0.485499769449234
838ba08d-c695-47f6-9af4-c1b4e2d6f9dc,0.4801826775074005
83cb72b1-c0d1-4d90-8e9e-a2261566e08f,0.8652202486991882
83d88e1d-4cde-47f7-80bd-c96a90619d16,0.7879354953765869
84415e78-dcda-4d3a-8415-2e8ad621a8a2,0.7356287240982056
8465551b-875b-4fbf-9494-65a51b9b81f2,0.7312551140785217
847bdae9-5f36-483f-881b-306f61f2189a,1.292981743812561
848ab091-5973-416a-be8c-12da22e9a507,0.815368115901947
84df0433-9161-4ca8-9b0e-af1962ff8b52,0.9453731179237366
85226d3b-b361-4f2d-9856-22ac2715fc46,0.777330219745636
85309e41-b0be-4fb2-8aa3-e83d409925cb,0.3695867657661438
853cfd47-2b49-407f-bca4-04690c21e208,0.9715747237205505
85cb73c5-c5bb-460c-b530-719eb55842a8,1.152312159538269
85f2f7f8-85b6-43c5-8c4a-06a9319d51d0,1.1366328001022339
8685f1c4-56ea-4dff-a37f-c6bcadd06a68,0.7637407779693604
86bef623-0f9c-4803-a7be-e6a5366c1615,0.918597936630249
86e33fb1-0228-4ede-a7b3-af47c878350d,1.0927551984786987
877749eb-55a3-4f1c-bedd-2c40eb3c3869,0.9435657262802124
878efe95-3326-4e2e-ae74-27c892b166bd,0.8082029223442078
87be57dd-3711-4162-8f0e-2c1a3228e9fa,0.896318256855011
88a0de73-aa2c-4349-9795-976ba0f7ff53,0.7681448459625244
89a3f24b-2c41-4191-85b2-99b52c81a133,0.73724764585495
89d04a5e-e6ec-4fa2-bd41-cfc1033de636,0.6760004758834839
8a388b00-96d3-4e4e-86fe-080b5f362894,0.8564080595970154
8acd8c55-e7c5-4aca-ae45-5b97142b9365,0.854337751865387
8aea6c1d-ae5f-4124-a1f9-84807bbb503d,0.7395052313804626
8afeb696-e9ba-418b-88b0-3d4fc4f20e0b,0.7961408495903015
8b3e70fe-8363-49fe-9f26-c595de95204f,0.9604941010475159
8b558bf3-3b39-461c-b2b1-547b3ee412ba,0.5370269417762756
8ba01504-16d1-4024-8448-4db94f29a44a,1.0178818702697754
8bf932e8-e91f-4ef4-8f52-a0cab81c6552,1.1047885417938232
8c2d1cec-dd4f-452e-b8da-926ecc72dad0,0.9047800302505493
8c640f4d-a3d1-45a0-a117-5f0984414976,0.606462836265564
8cdeba9a-fe8a-4f53-b367-fe7af5f2fc68,0.8403284549713135
8dbb9168-19f1-4779-a790-589713616f45,0.2580731213092804
8dddeccc-cc56-4a54-83b4-4f6f463396d3,1.101372241973877
8de06fd4-dde3-43ca-bfe6-ef4a01b16bdc,0.8116055130958557
8e01813c-13dd-4226-bc3c-587aecf291ad,0.5467647314071655
8e3aa9d7-a902-4c4c-bfa9-bcf8169328f6,0.506527841091156
8eb94a74-6d55-411f-a0d9-a36d161bb186,1.0749592781066895
8f078a97-98e0-4c05-95cf-bb9f4db85dda,1.11146879196167
8f1607a3-9e22-4d27-b28e-0985413dd134,0.6858135461807251
8f198546-148a-4ed2-8ec5-b23cb29a34fd,0.7500097155570984
8f390810-27f6-4596-90af-9bff224165ba,0.48394984006881714
8f765fe2-971a-4ffc-9dfa-f3611431c41e,0.6128766536712646
9043f6b0-ccbd-40ca-97be-3b2bd3145291,0.8547461032867432
922ccb70-da37-45ac-a0da-220dcae31d9d,0.90484619140625
922d9533-86c6-4f73-a3ac-f5d91cb23b73,0.547096848487854
924185ee-96df-4d9d-9a94-a2495435d764,0.597846508026123
92a04340-9714-4051-a8c1-de69fb59257f,1.2950329780578613
92a556da-2143-44b9-97e3-39923b7fcadf,0.8189706802368164
92f92b2f-7dc9-47d8-be7d-1fdc2147cc98,1.2661525011062622
932b7c89-df2a-4b4f-b3bf-aaa60bb3705b,1.2123862504959106
937fffc4-cb3c-45cf-92a7-f3ba915a5725,1.2117968797683716
94942930-0d8b-4d6a-84b9-daee5565bbd7,0.8143721222877502
949d405a-3970-48fb-ae65-ecb23a7b6941,1.0177305936813354
94fc0cbe-fade-4f6b-b5c0-c03f14a2dd18,0.6727551817893982
952ac584-ab3f-44e5-ba53-ed3f857690df,0.9315586090087891
95384876-160c-4607-98e8-16e069826cad,1.1002774238586426
965d0c34-d905-44b9-b72c-5de540721653,0.8239856362342834
9663379e-f184-4692-aa5f-068c17320069,0.5444920063018799
966db051-aa06-4b4c-8095-2a2614cc7cf4,1.2009193897247314
9694697c-5322-4c88-b861-a83ea24e7cbd,0.8790581226348877
96dc3b5f-6666-4b71-8fed-bb224febc7b6,0.8116962313652039
96fe433d-f1a8-435e-8434-da6d260dd522,0.9942587018013
974f14a2-e54f-4053-8c02-d014ce8faa65,0.9945169687271118
977ec2d4-bc98-4a2b-8223-89452a32161b,1.5338108539581299
97e33e45-7ab5-40a8-ad66-b04d9a52baad,1.0707957744598389
98055d9c-7462-46e9-a27f-0824167ec3f6,0.39379432797431946
98c116de-a7d7-4a69-ae5a-cd70ff338c43,1.2143304347991943
98f2a3b0-9040-4faf-9ea8-e6e4295d0f06,0.5690595507621765
99409637-180e-47dd-a363-d76bbab04e19,1.097654938697815
9af0a5ce-721e-4ef5-89b0-7222190adee0,0.8041788339614868
9b203e46-0b95-4b16-9258-36d933632420,0.7135827541351318
9bb2df34-b304-4912-832c-fce3d15ac3a3,0.5386224389076233
9c1fa44c-3f3d-42a2-9b5b-63192ac907cd,0.32761499285697937
9c388b7c-cf00-4a4f-8083-0b8132a23e4d,0.5272006392478943
9c78a155-8ca3-47a8-89a3-f1c1ea5986e9,1.210249662399292
9d191822-90f9-4f39-aba2-de0ea6ba1707,0.6127431392669678
9de683aa-76dd-491e-bdf6-a5e1cbd026ce,1.3243557214736938
9df2c97f-7e5c-45f2-a670-0b7cc30dd562,0.9287809729576111
9ea0e637-e2f4-4d60-bd3d-bae424c68f9c,0.6108584403991699
9ee4689b-c839-47cb-876a-2b9a12895371,1.14061439037323
a050a701-0ab1-4e9b-b8d6-7fbd104cf46c,0.7690883874893188
a0a9da63-1c87-405d-9e7b-1f7fd6355b22,0.45404720306396484
a1303d2c-d036-4bea-99dc-ea485da0d6c9,1.2352169752120972
a1740c11-6059-4409-9882-fe9c6f639095,0.9241460561752319
a216ef53-7271-4f25-8488-8296d9f64c3f,0.7441383600234985
a2a7844b-8537-408a-a3f1-5a855dece91a,0.4990357458591461
a2a84f4f-75e7-4da4-925f-62ee79ce6a3c,1.072895884513855
a2ef6c60-beac-4435-adf3-9446abb192e1,0.2172076553106308
a3081722-6fc7-4c52-ba54-f021b7fb0271,0.6158036589622498
a335cdf3-086a-47b8-a767-210e77ace1fe,0.7311554551124573
a48c0877-0431-4c7c-8cdf-ce13b6bf6165,0.9431899785995483
a4ff6603-bd39-4f35-a242-ec6c88101444,1.0015674829483032
a51e2962-4db1-457e-abc4-213f71b7bb9d,0.9996915459632874
a530a7d5-18b2-4b2d-80c1-77ef19d9d3a6,1.0594017505645752
a532d889-1cae-41aa-affb-fde58b3841b4,-0.11802396923303604
a5b8b133-1adb-4911-b836-522cfabd5514,0.909136176109314
a6132b25-9b37-4cc2-8320-3c2284f74d72,0.572513997554779
a634c66e-d9bb-49da-8293-d3d5f0fc467d,1.2527034282684326
a65d7347-0ff5-4b8e-b426-b6798377045f,0.7394809722900391
a6ab7f70-5eaa-4335-a8f4-5e70508d2520,0.35729432106018066
a6f367de-4d73-46db-b059-b8802ea04fee,0.9391298294067383
a70ae2d8-7146-4737-9abf-a0c15b675aa9,0.7708738446235657
a750c0b3-df44-498f-aeaf-00d6fa3d2965,1.0252444744110107
a76e7bc9-b573-46e0-b727-a14f74b1df24,0.3449776768684387
a7936ae2-cd44-4446-bcdd-201350dde044,1.0069754123687744
a7bf1f51-cbe8-4588-a58c-d151786741bb,0.4461555480957031
a7e8709e-4e4d-4b17-86a3-0f70e3a5956a,0.9031888842582703
a81532b9-14f3-423b-be8a-404683d6e54f,1.0762137174606323
a824cb14-8034-4203-8445-4b03a0e5757e,0.9572540521621704
a871c4e6-35ce-4b6a-8493-08f723679486,0.7598323822021484
a8e3bcb5-31a4-4397-8f6d-ca0e08ea8ac9,0.25644227862358093
a964c5ce-a25f-42f3-af1b-8b2ee5ca86c5,0.8743247985839844
a97f1aa4-165b-414e-a27c-ec980969614b,0.8238540291786194
aa062159-8e78-4695-a136-58f074bba5e4,0.8557078838348389
aa07fd13-24eb-42cc-a9e2-e1a5ccf2b549,0.5178086757659912
aa1f1573-4025-49e8-9be5-fd3f3f62c74b,1.2013955116271973
aa54115f-eee2-4757-829d-67a100106351,0.8632188439369202
aa63dac3-01df-4db4-a296-d5f507872181,0.7470831274986267
ab3873db-d9a4-48b5-924a-c4038e1c719e,1.0447038412094116
ab39a0ff-73bb-49a3-b7af-f35722ac09e0,1.0048197507858276
ab7a1b46-ca99-443d-a6a9-386e41ff93ad,1.0496119260787964
abf2505a-bbb6-473c-97f2-016015e70ed4,1.1342769861221313
ac0f3ece-6d1a-46f8-bd57-77928331c752,0.9040801525115967
ac48a3f7-abb3-41a2-b673-2618e7ce79d4,1.1665829420089722
ad0a5362-113b-4000-acca-3c66c529edac,0.7911465167999268
ad579cfc-9485-4d11-9c71-7614f5e4240b,0.8113898634910583
ae22126a-cbd2-4447-b4e5-f29706458edd,0.5735668540000916
ae895042-8d95-4c74-a046-d723e106533a,0.6284366250038147
af2292df-933e-47d1-b793-7f708314da1b,0.976796567440033
af9e3dab-cf74-4335-b154-50010e3bbd07,0.6889167428016663
affee657-f6a1-4766-bcd2-6494da37b83d,1.2243918180465698
b04bc2bb-cf73-4bcf-b2e9-bcb33e642b60,0.6010082364082336
b04e276c-eaed-4ecd-af37-dcecd66e5c79,0.8564764261245728
b053a180-5241-4928-a917-2525139fa6dd,1.1149481534957886
b056afa7-bfaf-46dd-a6f7-725af1fe30ac,0.5960947275161743
b084b38e-9a98-47c7-9843-41de96792925,0.5787715911865234
b0b9072c-8c4e-47ba-9025-b0e18c52add1,0.9020820260047913
b0c3a548-e506-4300-97fd-d871458c7980,0.9518091082572937
b14a3a38-284d-40e4-a602-cbfffa0e9da7,0.6707141995429993
b1e37a88-e39d-4088-a49c-7c261596990b,1.1108797788619995
b1eab85b-a7f7-443f-a41e-09ec2bc72b59,0.8080751299858093
b1ee84a2-068b-444b-86be-951719d5022b,0.8519920706748962
b26fe83d-45f5-4335-a876-b1355971b76c,1.1900948286056519
b2bdcf65-dda2-4024-a30c-f9483bdbab5f,0.5356839895248413
b3391050-c737-4731-af87-84ef83ea4fc1,0.9956592917442322
b341c8a1-665c-4d26-892c-7f731e0a5e9e,0.9750317931175232
b3d3abe2-21c2-477a-9ec7-c4798bfa289b,0.8943811655044556
b3f8f398-000e-488f-9482-c3640b1e49de,1.2705286741256714
b4d0eeef-69bd-4490-ad24-a4feab723fce,0.9144102334976196
b51380ba-6ac5-4f4d-afd7-bbaa91ee3833,1.0315513610839844
b5745b35-3aab-4b33-985e-9777a97d529d,0.8725734353065491
b5994c77-e8aa-445d-8d07-5825d028d1a5,0.8227880597114563
b5a3d3af-c93a-4a72-aa6b-f580d9169a84,1.3010586500167847
b606e3f8-1274-45e7-8291-96307fb6e7fa,0.6446375250816345
b622fb8a-2065-4592-ab9f-575fb3e7f351,0.9806972742080688
b6a86987-a241-4ce5-8991-acec918cb5bc,0.7231478095054626
b6c63c5c-558f-4f08-a857-3e7474bda50b,0.8008220791816711
b6f96ccf-a2bb-449c-ae0c-d19cb65e6415,0.8049461245536804
b7120c48-52a7-4e3c-8072-2b81478a65e6,1.1661397218704224
b71235da-fdeb-45d3-b23d-87d40f88ee6f,0.5092483162879944
b72eb803-cc99-42e9-b53e-e14dedc72110,0.7684652209281921
b76b5b02-78ee-4bcc-8246-85600eabe41c,0.7192251086235046
b87232a9-99eb-4f4b-b9d4-c47aef2df47d,0.6697485446929932
b8b1e3c2-9146-497d-9f57-e068cd293231,0.6841331124305725
b8d3c8e7-6e88-4044-ba32-ead486e89104,0.922052800655365
b90483c1-5961-4b82-ac21-d40000ff15fd,1.0685420036315918
b95f875e-9377-4cee-80f3-a57fd445220e,0.5306350588798523
ba140225-a5d2-4a83-b499-e02bef418b74,1.1449872255325317
baa143ce-870b-4c82-953a-76fecaa6b6a6,0.8273581862449646
bad89c9f-7add-4a09-b99c-556c2dc93d9a,0.8015813231468201
bb5c064a-a7ee-41b0-a9db-ff8e43654f5e,1.1469019651412964
bbda40dd-b92e-4113-811f-cd22b3eeeb38,0.8539442420005798
bc157184-ef06-42cc-bdc8-98ccfa9883a9,0.4744509756565094
bc400894-9942-44fa-9e0b-a29b4a32b389,0.7912328243255615
bc50ae48-eae2-41a9-84ff-8bb2060a53eb,0.793779194355011
bcb52b09-f22d-4c7a-9cc0-cc94d9d7001c,0.7566133141517639
bd57c53b-0a32-4fd7-b02c-2b37195ccdfc,0.8058221936225891
bd9f1bb2-eec3-499a-a2dd-9f8095ec358a,1.0771468877792358
bdb1e2b0-ee3d-4244-993d-fefbda225f7e,1.2289119958877563
be2b59fc-0088-40b6-b469-2c3cdfe4d9b4,0.9146410226821899
be8d2e92-ee0b-4b6e-81c2-114a8b68ff6f,0.49774396419525146
be99eb9d-6eb5-41db-8ae4-c59693bed293,0.8225095868110657
bf63d5d8-39b8-4b99-b776-5f28113df821,1.0120350122451782
bfb8e60a-ad51-4114-97d2-c0c425a1016b,0.9726782441139221
bfbdfa71-f8e3-41c1-ad61-48547d5ccdda,0.4814375936985016
c0bf7fb1-b479-4f37-9270-49b2baeb5b08,0.7670442461967468
c15f51f2-3603-4144-bf49-a6e3b4825775,0.7352548241615295
c18fe05c-5076-4e6f-b2ec-4ae289a0a47d,0.6541948914527893
c1a8fdcd-547a-4da3-84f0-7be7516a71fe,0.9725902080535889
c1fce304-32dd-46ec-95f8-ccf9c21e1539,0.8386488556861877
c22e07f8-8202-4ee3-bed3-15e18df15a8c,0.7151938080787659
c255d75b-252a-4da8-9b14-d7dda32e29a4,0.8393352031707764
c2bd8b30-9a4f-4066-bb5e-54a5883a7c0f,0.44184017181396484
c307353b-8573-4ece-80bb-41ee4343e592,0.8462586998939514
c307a76b-2d71-4c44-8afe-f23b4fc1c9e6,0.8016722202301025
c4b9d839-0293-45e6-abc3-d6dddea9a8e0,0.986550509929657
c4cca016-bb1c-4c86-b013-ce7f49623cf4,0.9213031530380249
c4d9fe47-cf3b-4bcc-b645-4e72606e3b35,0.5969251990318298
c4f25ac6-c164-45ee-8649-14da35c69cdf,0.8578807711601257
c561a42f-122b-494e-90c4-9e13cf6d10ac,0.7112736105918884
c5ba5bd9-27ad-4cdf-878b-8be48d501147,0.8551387786865234
c6245667-ae79-4daa-a559-f5c324f0186f,0.6148788928985596
c6b6b5ad-1635-46be-8ada-dca76536969d,0.9154469966888428
c6b6faa7-3f05-455d-be8c-dd7ea0929cfd,0.6983878016471863
c7a3155e-f830-491c-b820-095c00505c1e,0.7140622138977051
c7d23e73-6639-47f7-b6d8-26b50501ee7f,0.5807161331176758
c83e4598-c6e9-4462-9db3-951be4db7677,1.1177211999893188
c858dc5a-8ae8-48e2-a4c2-075a27ed976a,1.1171225309371948
c86bfab3-7603-465b-aa10-9e8daef9fb02,0.6523516178131104
c8ed3f00-dd39-4bb3-8566-145d5a89214e,1.4805622100830078
cb3cd40b-3ff8-4bdc-8aec-5aef5351ad8d,0.7360385656356812
cb40d174-96cb-4990-97e4-3065b267ed18,0.5437021851539612
cbaaa4a6-bd96-40cd-918d-eac9805449f6,0.7801851034164429
cbd2beec-99df-4002-ad57-fab343ed2772,1.3699449300765991
cc1223ce-7c32-40f6-9969-0e6cd684e65b,1.4762718677520752
cc532221-f398-4061-886c-ab8179a17f0a,0.6491352915763855
cc8d4d35-db55-45a8-a3b9-a86d4eaae166,1.2311869859695435
ccb2f4ff-b3ab-4555-9fbc-abf4ccf03ee8,0.7267584204673767
ccb50042-a7e4-4e2e-a39c-54b4e55ce76a,0.5091822743415833
cccc7525-0dff-4e0d-9960-6fb6911a01cd,0.3221510052680969
ccda1230-c725-4a75-9c8f-66e0a8f866bf,0.658959686756134
cd1cb6d5-f9c2-47b0-b00b-950e18df5052,1.1799640655517578
cd64be1f-6438-4be9-ae76-da1c80191876,1.0847831964492798
cda224c5-13cd-4d9a-b413-9192e8395e5c,0.8924287557601929
cde75a45-3455-4173-8704-6540807ed7c6,1.1523442268371582
ce13d561-ff45-4525-ac22-de6aa88d329c,0.907903254032135
ce818192-11bd-493c-a82d-52f6b09fc1ff,0.8661254644393921
cef36f94-8a82-4e50-95fc-2c0f0b52a803,0.8840616345405579
cf6082b6-ff53-478b-86e0-ef37f27f13d3,0.22039669752120972
cf806a2e-b23c-4889-b3c6-ac6e83b2f5f0,0.7560057044029236
cfcdc286-139d-4152-a532-3fc63dcded05,0.6630836725234985
d0310f3a-c7ba-413f-8961-5cbde117beab,0.49640512466430664
d05e5f8a-e006-4161-8f34-bfb675f91e8e,0.6703411340713501
d10530ac-f3c0-4e59-afcd-37f5c3cec4d2,0.9163450002670288
d136d5bf-b0fa-4d1f-b7f4-6dff881d9062,0.8633091449737549
d1815462-1a94-47e2-99ad-d27ff0486a41,0.4978501498699188
d1ae4b8b-3d4b-47ff-8966-1f860ab632ef,0.7485769391059875
d2977525-61ac-4056-a880-2abcbe1d3128,1.1561106443405151
d2d3db44-336a-48c3-8da5-447a3c83b683,1.0207335948944092
d3119060-0486-4f2e-876f-abcd1cd599ce,0.5820078253746033
d3c9126d-31d7-4cef-9a33-4681d2eb050e,0.8960680365562439
d503c95e-c1ed-4862-b586-59d337abb08c,0.7600992321968079
d567b7bf-d07c-42b5-9971-6de1d3b96e57,0.8616780638694763
d6967ac9-f292-41b5-a273-0f79d18e5594,0.7649526596069336
d69e9881-3778-42a2-90b2-7e8dc6de8667,0.9163810610771179
d6a7171d-ac0a-464e-acdd-2d8c965082e1,1.1403498649597168
d7464697-783a-429f-a27a-83238275061d,0.8442363739013672
d7d515aa-7828-4a8c-b283-d7f9f38dba71,0.7253835797309875
d87648f2-7faf-41fb-9de7-366ce93d5ed1,0.6917123198509216
d95bdd0e-ce32-409f-b165-8305424c801d,0.7197086811065674
d974e0d0-1d4d-4bf3-9b81-236549165013,0.5005148649215698
d999d7b2-e6c0-49c1-af4f-6bac46615fc4,0.55080646276474
d9ffd275-f35b-43de-bf77-15e8d9321f5e,0.84453946352005
dac44d4c-3edf-49f8-b706-ea1a907d3bf9,0.34085074067115784
dc15ae60-613c-4c76-a5c0-794edb37d81c,0.7415171265602112
dc2f9af3-49ca-469a-a074-bc2286d69a12,0.7481029033660889
dca88a98-81c9-4ba1-ad08-9f9165c53140,0.6710842847824097
dcad2fbe-2b62-46e5-88a5-0d7902caf7c9,0.9610303640365601
dd4cb57b-d9cd-4926-8fa4-88e755de652b,0.40585634112358093
dd83bfcf-1a3b-4259-b32e-f6ef2022bfb4,0.3695410490036011
de17aba6-04e2-491a-aa7d-4ebb1f080f8a,0.6245294213294983
de44f36d-fc88-415f-87fc-1346fbc9a914,0.8592731356620789
de4ecdb1-363e-4cb0-9846-59b4d8e10099,0.6647458672523499
de71bce6-2a69-430b-93cc-9a8c4574d43a,0.5518976449966431
df062646-0b77-4c35-a86b-fb4edf06bbaf,0.7287662625312805
df13af99-fe29-47c9-8cef-16e086bcc4be,0.8623648285865784
df7656a3-b644-48b2-bea9-9897f21ad1d6,0.6168638467788696
dfb429af-92ec-462e-83e2-fd055cca1982,0.4877146780490875
e0041723-210a-41b0-b491-91566a605e6b,0.9091240167617798
e01a3d87-ef21-463d-82ef-bc19d34b1af5,0.7795740365982056
e04869eb-6421-4490-b960-5fcb96992cfe,0.7657196521759033
e05bd509-ab7a-4c56-84a4-0510076baa6c,0.8510353565216064
e05c48b8-733d-4df6-8f74-511e4ab3e135,1.345765233039856
e07e3f53-8275-4436-ad68-dc358db054c1,0.8035754561424255
e080d12b-f4c0-48c8-aac7-a17a5c5d0da6,0.8933964371681213
e0afcde2-632f-41a2-a046-59383b89c6d4,0.9293403625488281
e0d65d7e-4538-49d6-95a8-56b988380d7f,0.8119896054267883
e112ee36-6e25-4b86-8849-6296d3e69911,0.9026109576225281
e147e389-041a-4153-813b-c849b294d0c1,0.715309202671051
e151edcf-51b9-425a-8f2e-783260fa1358,0.949425458908081
e1826e63-19fa-490b-9bab-c1b1164a9762,0.5179696679115295
e18e9f0c-e892-40b0-b48f-c369f19386a1,0.21828408539295197
e19f788b-d5d4-486c-96cc-10ad577f4f1b,0.7163191437721252
e20cc23e-5526-4e12-9367-d71bf335fc1f,0.6103805899620056
e23d846b-dfc0-4ee1-b7a1-510172777c08,0.5780367255210876
e25ef51d-7bf5-4ee1-a94b-9b6473f3a7e0,0.8347501158714294
e32517c2-a31f-46ad-a39a-598d84ae4cbb,1.3146103620529175
e32e20e2-d68c-4a83-915f-5e8e4fa76320,0.7844343185424805
e3820f75-c3d0-4b3a-acb4-e7978fbe7ca5,0.710597813129425
e3993799-ff25-40de-b4b2-56a376b855a9,0.525262713432312
e39dbc4d-e78b-4a4f-b8b6-c9790ae4f54f,0.6789036393165588
e3b4897a-9a06-4809-90af-7644b888e6d2,0.6614133715629578
e5745ee7-b647-43d9-bff0-66969f4bea53,0.7495867013931274
e586a41f-7824-4ea2-a548-778d153d9f32,0.7841137051582336
e5ad59b9-ca15-49ca-ab7d-f0a9aaa4b016,0.30890628695487976
e5c9c354-e8ad-4a19-b5a0-f08fdeab2c2a,0.9053876399993896
e5de8c94-5142-41b5-a753-54087f1c4fa7,0.8063493371009827
e69126c1-e52d-4fbb-9077-39662b83b7fb,1.0896801948547363
e69ddfd1-bb6d-4ab2-93e7-bea4b2520768,0.8273695111274719
e7681c4d-9c42-41e9-9cd8-9063c013bb02,1.0037897825241089
e76a1990-617b-4c4f-9182-4be2ec731e9e,0.6266182065010071
e7935cc7-a65a-4f05-9cc3-be6ac3fe3bb4,1.0061488151550293
e7abce25-d2a8-46a6-9ac1-ec78f2d6a0e7,0.5925139784812927
e7dbcef5-f154-4f63-af32-ab6266d37c45,0.2823442220687866
e83933de-0904-4ec2-a102-6d263dc74696,0.6994824409484863
e8bbbe61-a78c-43fe-b4a8-839621f351b0,0.667258620262146
e8c26d32-f39e-4b1d-b719-435226ef8d05,1.1182342767715454
e8c84a1b-c0f1-4aab-86e9-eb73f614f3f1,1.1824969053268433
e8ea0eaa-3c28-406f-ae5b-1ad46ba49c86,0.37079179286956787
e94b65be-4cf1-4653-a4ca-aa61fdd4c9b6,1.0427970886230469
e968e305-2084-44a2-8d39-a95573eda918,0.5286148190498352
ea459dd1-44f7-4acb-b2aa-46ba1b018995,0.7435028553009033
ea6e07b7-3344-458e-acfd-534dd7c50223,0.8368471264839172
eaa2a800-f5d8-48b6-bfd2-2433f2a2f684,0.7440636157989502
eaad526d-bbef-4ceb-8538-c87982f9ceda,0.9636343121528625
eb1e1395-a058-4ea5-b342-c73538edadd1,0.5720110535621643
ebbf4bb6-bd17-4d13-b754-745f31413322,0.903813362121582
ebffb1e3-2e07-49ae-8c18-3f1c657a587a,1.0370289087295532
ec0442a8-95e4-4cbf-bd32-cb63541f508e,1.1848725080490112
ec2f2dbb-c81c-42f0-9390-32cbcf885be5,1.0837401151657104
ec92907f-16b2-4b4a-9466-54f277450f26,0.776311457157135
ed1efa20-d7aa-43cf-93ed-eb311da52777,0.7420682311058044
ee1467f3-9dc7-41d7-9f63-c2920890a048,0.6766704320907593
ee9829f5-598e-45f1-b3f5-3d299ecc251b,0.7485598921775818
eec35cc1-fe34-438d-a65a-3d2b253cbbe1,0.9355493187904358
eec945f7-5190-411d-864a-b813d7f50b20,0.9192751049995422
eee8d274-b8c3-4c19-ac53-7a97093665f1,0.2822612524032593
ef158c9e-ecbf-458d-940b-397f335ad6f0,0.8379778265953064
efe31bd7-131c-4ac1-937d-37b07ecb1b6f,0.6955812573432922
eff95255-b6b5-45b6-82a5-eaa1d3a721e6,0.8995717763900757
f0dffba6-1464-4fb4-a35e-c15c9e0ed9b8,1.103959560394287
f1077379-0bde-4722-aadf-74c499d009ae,0.7148823142051697
f1707833-381e-43bb-9969-125ce82adcd7,0.5833552479743958
f179977b-b0c4-4fb0-b0b0-e0506547db41,0.3730791211128235
f19bae9b-2384-4161-babc-e73022f8d310,0.6871001720428467
f1ac83d4-64a3-495b-8ddb-12ed135ee4a9,1.2466527223587036
f1b04b6e-0e2d-4d62-a95b-f8ebd101e4bf,0.8822009563446045
f1d65725-b89c-4cb3-9f18-5873d1b95d0a,0.8112865686416626
f1e38397-e624-41fc-a04a-f828387714ee,0.6187775135040283
f2694fcc-1799-4326-8e20-8e525ddbbcec,0.9666621685028076
f31c6d2d-b8f2-4a4f-999d-4145aa0f69a9,0.5664931535720825
f4038855-bdec-43e7-88c2-22fefdd4e5bb,0.5191649794578552
f446df43-9732-40f8-8e67-fed95abcd631,0.5128335356712341
f485b8f1-bd74-45e9-b7b9-336b5f235730,1.002017855644226
f4885eff-0e0c-4fef-8bde-1d2c7506d6b4,0.9452526569366455
f4b9ed3c-80ea-4266-b13f-d5b4a33ef616,0.568394124507904
f4c6c2ff-8e25-4ad8-9756-92b7f20953e5,0.8221029043197632
f583cd60-8e30-4978-91f3-107bd6d43dc6,0.5855116248130798
f6410ecf-1810-45e1-8a6e-066b0bdd0c5e,0.7942371368408203
f65326a3-ddab-4557-a54f-c7308307b89c,0.6531813144683838
f67d36fd-e2d5-4d88-b09e-bda0f8465064,0.9028629660606384
f6f92dee-dbb4-43a9-beb8-71d60142ce96,0.5487392544746399
f770253b-2f5e-4450-bc71-9f485e5496a3,0.7113559246063232
f818e141-53d1-4e3e-b3be-ba380c6e81b3,0.9649305939674377
f88698ea-4a88-4b02-a46b-11e4f0767453,0.685854971408844
f89ba3fa-e481-4fc2-b4b3-39b7559d20aa,0.9055770635604858
f8a6121c-b123-463a-80b5-86418a1c0826,0.6799036860466003
f927533e-7917-4f22-a72e-f5fa5a5271e1,1.0025790929794312
f932c0de-cd8d-4a63-97d6-501a565a7b07,0.7519516348838806
fa20f77b-4895-45b8-ab6a-3434cdc92176,1.0750750303268433
fa34b85f-7b87-4562-96a4-77cdb8d92fe0,1.0172003507614136
fa56db74-408e-4a7a-8f74-b7cbc5b2fc77,0.8198502063751221
fa59eefa-5624-42dd-93b3-5a724d352bd6,1.01007878780365
fa5bfd38-5df3-4dfd-8708-eff450e7a88c,0.9460225701332092
fabe7522-1acc-492b-bd81-2ebf76512e76,1.0461522340774536
fabeda6b-a980-4d36-b8da-dc737f86cbae,0.8890195488929749
fc45832a-6c1b-44d2-904c-5a8bf8df4760,0.9883661866188049
fcd34d44-e2b6-4a13-b4f8-104ec3c71aa1,1.0899733304977417
fd209eed-850b-49eb-a4fa-5aa4c082a9dd,1.0408161878585815
fe1092b0-c1a2-4a3b-be86-96bc9b0223c8,0.9664760828018188
fe2ea680-44bc-4a26-babc-8ceabe2c6e57,0.7478551268577576
fe8ae5da-397d-44c4-a8b2-796fb9e274cc,0.9108119606971741
fed9b2cc-8de6-48c3-a41d-0cca51332e4f,0.5086190700531006
